record_type,genus,family,scientific_name,authorship,common_names,synonym_of,flags,source_raw,verification_status,wfo_id,wfo_taxonomic_status,wfo_current_scientific_name,wfo_accepted_name,wfo_accepted_id,wfo_current_family,wfo_rank,match_method,match_confidence,taxonomy_changed,family_changed,phase2_notes,verification_source,verification_version
accepted,Acacia,Fabaceae,Acacia catechu,(L. £.) Willd.,"black cutch, catechu",,,"catechu (L. £.) Willd.--black cutch, catechu",ambiguous,,,,,,,,exact_name,1.00,,,Ambiguous WFO match (3 records).,World Flora Online Plant List,2026-06
accepted,Acacia,Fabaceae,Acacia famesiana,(L.) Willd.,"huisache, sweet acacia, cassie",,,"famesiana (L.) Willd.--huisache, sweet acacia, cassie",unresolved,,,,,,,,,0.00,,,No exact WFO match. Manual review required; no modern name was guessed.,World Flora Online Plant List,2026-06
accepted,Acacia,Fabaceae,Acacia meamsii,De Wild.,black wattle--[TN],,TN,meamsii De Wild.--black wattle--[TN],unresolved,,,,,,,,,0.00,,,No exact WFO match. Manual review required; no modern name was guessed.,World Flora Online Plant List,2026-06
accepted,Acer,Aceraceae,Acer pseudo-platanus,L.,sycamore maple,,,pseudo-platanus L.--sycamore maple,unresolved,,,,,,,,,0.00,,,No exact WFO match. Manual review required; no modern name was guessed.,World Flora Online Plant List,2026-06
synonym,Achras,Sapotaceae,Achras lúcuma,Blanco,,Pouteria sapota,,(Achras lúcuma Blanco) = Pouteria sapota,ambiguous,,,,,,,,exact_name,1.00,,,Ambiguous WFO match (2 records).,World Flora Online Plant List,2026-06
synonym,Achras,Sapotaceae,Achras mammosa,L.,,Pouteria sapota,,(Achras mammosa L.) = Pouteria sapota,ambiguous,,,,,,,,exact_name,1.00,,,Ambiguous WFO match (4 records).,World Flora Online Plant List,2026-06
accepted,Acrcx:omia,Arecaceae,Acrcx:omia total,Mart.,"gru-gru palm, total p.",,,"total Mart.--gru-gru palm, total p.",unresolved,,,,,,,,,0.00,,,No exact WFO match. Manual review required; no modern name was guessed.,World Flora Online Plant List,2026-06
accepted,Acrcx:omia,Arecaceae,Acrcx:omia vinifera,Oerst.,,,,vinifera Oerst.,unresolved,,,,,,,,,0.00,,,No exact WFO match. Manual review required; no modern name was guessed.,World Flora Online Plant List,2026-06
accepted,Adenocarpus,Fabaceae,Adenocarpus decortleans,Boiss.,flatpod,,,decortleans Boiss.--flatpod,unresolved,,,,,,,,,0.00,,,No exact WFO match. Manual review required; no modern name was guessed.,World Flora Online Plant List,2026-06
accepted,Aerva,Amaranthaceae,Aerva lanata,(L.) Juss.,,,,lanata (L.) Juss.,ambiguous,,,,,,,,exact_name,1.00,,,Ambiguous WFO match (2 records).,World Flora Online Plant List,2026-06
accepted,Aesculus,Hippocastanaceae,Aesculus califomica,(Spach) Nutt •,Califomia buckeye,,,califomica (Spach) Nutt •--Califomia buckeye,unresolved,,,,,,,,,0.00,,,No exact WFO match. Manual review required; no modern name was guessed.,World Flora Online Plant List,2026-06
synonym,Aframomum,Zingiberaceae,Aframomum granum-paradisi,K. Schum.,,Aframomum sceptrum,,(granum-paradisi K. Schum.) = A. sceptrum,unresolved,,,,,,,,,0.00,,,No exact WFO match. Manual review required; no modern name was guessed.,World Flora Online Plant List,2026-06
synonym,Agave,Agavaceae,Agave heteracantha,Zuce.) « A. xylonacantha,,,,(heteracantha Zuce.) « A. xylonacantha,ambiguous,,,,,,,,exact_name,1.00,,,Ambiguous WFO match (2 records).,World Flora Online Plant List,2026-06
accepted,Agave,Agavaceae,Agave lecheguilla,Torr.,"lechuguilla, tula istle, Tampico fiber",,,"lecheguilla Torr.--lechuguilla, tula istle, Tampico fiber",unresolved,,,,,,,,,0.00,,,No exact WFO match. Manual review required; no modern name was guessed.,World Flora Online Plant List,2026-06
synonym,Ageratum,Asteraceae,Ageratum mexicanum,Sims,,Ageratum houstonianum,,(mexicanum Sims) = A. houstonianum,ambiguous,,,,,,,,exact_name,1.00,,,Ambiguous WFO match (2 records).,World Flora Online Plant List,2026-06
accepted,Agropyron,Poaceae,Agropyron trachycaulum,(Link) Malte ex H. F. Lewis,slender vdieatgrass,,,trachycaulum (Link) Malte ex H. F. Lewis--slender vdieatgrass,ambiguous,,,,,,,,exact_name,1.00,,,Ambiguous WFO match (2 records).,World Flora Online Plant List,2026-06
accepted,Agrostis,Poaceae,Agrostis creeping,bentgrass,,,,creeping bentgrass,unresolved,,,,,,,,,0.00,,,No exact WFO match. Manual review required; no modern name was guessed.,World Flora Online Plant List,2026-06
accepted,Agrostis,Poaceae,Agrostis tenuis,Sibth.,"colonial bentgrass, browntop, Rhode Island bentgrass",,,"tenuis Sibth.--colonial bentgrass, browntop, Rhode Island bentgrass",ambiguous,,,,,,,,exact_name,1.00,,,Ambiguous WFO match (3 records).,World Flora Online Plant List,2026-06
synonym,Albizia,Fabaceae,Albizia falcata,(L.) Backer,,Albizia falcataria,,(falcata (L.) Backer) = A. falcataria,ambiguous,,,,,,,,exact_name,1.00,,,Ambiguous WFO match (2 records).,World Flora Online Plant List,2026-06
synonym,Albizia,Fabaceae,Albizia stipulata,(Roxb.) Boiv.,,Albizia chinensis,,(stipulata (Roxb.) Boiv.) = A. chinensis,ambiguous,,,,,,,,exact_name,1.00,,,Ambiguous WFO match (2 records).,World Flora Online Plant List,2026-06
synonym,Albizia,Fabaceae,Albizia Albizzia,,,Albizia,,(Albizzia) = Albizia,unresolved,,,,,,,,,0.00,,,No exact WFO match. Manual review required; no modern name was guessed.,World Flora Online Plant List,2026-06
accepted,Aleurites,Euphorbiaceae,Aleurites moluccana,(L.) Willd.,"candlenut, candleberry",,,"moluccana (L.) Willd.--candlenut, candleberry",unresolved,,,,,,,,,0.00,,,No exact WFO match. Manual review required; no modern name was guessed.,World Flora Online Plant List,2026-06
accepted,Aleurites,Euphorbiaceae,Aleurites montana,(Lour.) Wils.,mu-oil-tree,,,montana (Lour.) Wils.--mu-oil-tree,unresolved,,,,,,,,,0.00,,,No exact WFO match. Manual review required; no modern name was guessed.,World Flora Online Plant List,2026-06
accepted,Aleurites,Euphorbiaceae,Aleurites trisperma,Blanco,Philippine tung,,,trisperma Blanco--Philippine tung,unresolved,,,,,,,,,0.00,,,No exact WFO match. Manual review required; no modern name was guessed.,World Flora Online Plant List,2026-06
synonym,Alhagi,Fabaceae,Alhagi camelorum,Fisch.,,Alhagi pseudalhagi,,(camelorum Fisch.) = A. pseudalhagi,ambiguous,,,,,,,,exact_name,1.00,,,Ambiguous WFO match (2 records).,World Flora Online Plant List,2026-06
accepted,Alhagi,Fabaceae,Alhagi Al,karma (Boraginaceae),,,,Al karma (Boraginaceae),unresolved,,,,,,,,,0.00,,,No exact WFO match. Manual review required; no modern name was guessed.,World Flora Online Plant List,2026-06
accepted,Alhagi,Fabaceae,Alhagi tinctoria,(L.) Tausch,alkanna,,,tinctoria (L.) Tausch--alkanna,unresolved,,,,,,,,,0.00,,,No exact WFO match. Manual review required; no modern name was guessed.,World Flora Online Plant List,2026-06
synonym,Alliaria,Brassicaceae,Alliaria officinalis,Andrz. ex Bieb.,,Alliaria petiolata,,(officinalis Andrz. ex Bieb.) = A. petiolata,ambiguous,,,,,,,,exact_name,1.00,,,Ambiguous WFO match (2 records).,World Flora Online Plant List,2026-06
accepted,Allium,Amaryllidaceae,Allium great-headed,"g., kurrat",,,,"great-headed g., kurrat",unresolved,,,,,,,,,0.00,,,No exact WFO match. Manual review required; no modern name was guessed.,World Flora Online Plant List,2026-06
accepted,Allium,Amaryllidaceae,Allium multiplier,"o., top o., tree o., Egyptian o.",,,,"multiplier o., top o., tree o., Egyptian o.",unresolved,,,,,,,,,0.00,,,No exact WFO match. Manual review required; no modern name was guessed.,World Flora Online Plant List,2026-06
synonym,Allium,Amaryllidaceae,Allium porrum,L.,,Allium ampeloprasum,,(porrum L.) = A. ampeloprasum,ambiguous,,,,,,,,exact_name,1.00,,,Ambiguous WFO match (2 records).,World Flora Online Plant List,2026-06
accepted,Alocasia,Araceae,Alocasia macrorrhiza,(L.) G. Don,"giant taro, giant alocasia--[TN]",,TN,"macrorrhiza (L.) G. Don--giant taro, giant alocasia--[TN]",unresolved,,,,,,,,,0.00,,,No exact WFO match. Manual review required; no modern name was guessed.,World Flora Online Plant List,2026-06
synonym,Alocasia,Araceae,Alocasia macrorrhiza,(L.) Schott,,Alocasia macrorrhiza (L.) G. Don,,(macrorrhiza (L.) Schott) = A. macrorrhiza (L.) G. Don,unresolved,,,,,,,,,0.00,,,No exact WFO match. Manual review required; no modern name was guessed.,World Flora Online Plant List,2026-06
accepted,Aloysia,Verbenaceae,Aloysia triphylla,(L*Her.) Britt.,lemon verbena,,,triphylla (L*Her.) Britt.--lemon verbena,ambiguous,,,,,,,,exact_name,1.00,,,Ambiguous WFO match (2 records).,World Flora Online Plant List,2026-06
synonym,Altemanthera,Amaranthaceae,Altemanthera amoena,(Lem.) Voss,,Altemanthera ficoidea,,(amoena (Lem.) Voss) = A. ficoidea,unresolved,,,,,,,,,0.00,,,No exact WFO match. Manual review required; no modern name was guessed.,World Flora Online Plant List,2026-06
accepted,Altemanthera,Amaranthaceae,Altemanthera brasiliana,(L.) Ktze.,,,,brasiliana (L.) Ktze.,unresolved,,,,,,,,,0.00,,,No exact WFO match. Manual review required; no modern name was guessed.,World Flora Online Plant List,2026-06
accepted,Altemanthera,Amaranthaceae,Altemanthera ficoidea,"(L.) R. Br. ex Roem. § Schult,",,,,"ficoidea (L.) R. Br. ex Roem. § Schult,",unresolved,,,,,,,,,0.00,,,No exact WFO match. Manual review required; no modern name was guessed.,World Flora Online Plant List,2026-06
accepted,Altemanthera,Amaranthaceae,Altemanthera hasslerana,Chod. ex Chod. § Hassl.,,,,hasslerana Chod. ex Chod. § Hassl.,unresolved,,,,,,,,,0.00,,,No exact WFO match. Manual review required; no modern name was guessed.,World Flora Online Plant List,2026-06
accepted,Altemanthera,Amaranthaceae,Altemanthera philoxeroides,(Mart.) Griseb.,alligatorweed,,,philoxeroides (Mart.) Griseb.--alligatorweed,unresolved,,,,,,,,,0.00,,,No exact WFO match. Manual review required; no modern name was guessed.,World Flora Online Plant List,2026-06
accepted,Altemanthera,Amaranthaceae,Altemanthera sessilis,(L.) R. Br. ex DC.,,,,sessilis (L.) R. Br. ex DC.,unresolved,,,,,,,,,0.00,,,No exact WFO match. Manual review required; no modern name was guessed.,World Flora Online Plant List,2026-06
synonym,Alyssum,Brassicaceae,Alyssum maritimim,(L.) Lam.,,Lobular ia marítima,,(maritimim (L.) Lam.) = Lobular ia marítima,unresolved,,,,,,,,,0.00,,,No exact WFO match. Manual review required; no modern name was guessed.,World Flora Online Plant List,2026-06
synonym,Alyssum,Brassicaceae,Alyssum saxatile,L.,,Aurinia saxatilis,,(saxatile L.) = Aurinia saxatilis,ambiguous,,,,,,,,exact_name,1.00,,,Ambiguous WFO match (3 records).,World Flora Online Plant List,2026-06
synonym,Amaranthus,Amaranthaceae,Amaranthus edulis,Speg.,,Amaranthus caudatus,,(edulis Speg.) = A. caudatus,ambiguous,,,,,,,,exact_name,1.00,,,Ambiguous WFO match (2 records).,World Flora Online Plant List,2026-06
synonym,Amaranthus,Amaranthaceae,Amaranthus gangeticus,L.,,Amaranthus tricolor,,(gangeticus L.) = A. tricolor,ambiguous,,,,,,,,exact_name,1.00,,,Ambiguous WFO match (2 records).,World Flora Online Plant List,2026-06
accepted,Amaranthus,Amaranthaceae,Amaranthus lividus,L.,"livid amaranth, wild blite",,,"lividus L.--livid amaranth, wild blite",ambiguous,,,,,,,,exact_name,1.00,,,Ambiguous WFO match (3 records).,World Flora Online Plant List,2026-06
accepted,Amorphophallus,Araceae,Amorphophallus rivieri,Dur.,devil's-tongue,,,rivieri Dur.--devil's-tongue,unresolved,,,,,,,,,0.00,,,No exact WFO match. Manual review required; no modern name was guessed.,World Flora Online Plant List,2026-06
synonym,Amygdalus,Rosaceae,Amygdalus conïïnunis,L.,,Prunus dulcis,,(conïïnunis L.) = Prunus dulcis,unresolved,,,,,,,,,0.00,,,No exact WFO match. Manual review required; no modern name was guessed.,World Flora Online Plant List,2026-06
accepted,Anaphalis,Asteraceae,Anaphalis margaritacea,(L.) Benth. § Hook. £.,pearly everlasting,,,margaritacea (L.) Benth. § Hook. £.--pearly everlasting,ambiguous,,,,,,,,exact_name,1.00,,,Ambiguous WFO match (3 records).,World Flora Online Plant List,2026-06
synonym,Andropogon,Poaceae,Andropogon annulatus,Forsk.,,Dichanthium annulatum,,(annulatus Forsk.) = Dichanthium annulatum,ambiguous,,,,,,,,exact_name,1.00,,,Ambiguous WFO match (2 records).,World Flora Online Plant List,2026-06
accepted,Andropogon,Poaceae,Andropogon bicomis,L.,"West Indian foxtailgrass, ridging grass",,,"bicomis L.--West Indian foxtailgrass, ridging grass",unresolved,,,,,,,,,0.00,,,No exact WFO match. Manual review required; no modern name was guessed.,World Flora Online Plant List,2026-06
synonym,Andropogon,Poaceae,Andropogon flexuosus,Nees ex Steud.,,Cymbopogon flexuosus,,(flexuosus Nees ex Steud.) = Cymbopogon flexuosus,ambiguous,,,,,,,,exact_name,1.00,,,Ambiguous WFO match (2 records).,World Flora Online Plant List,2026-06
synonym,Andropogon,Poaceae,Andropogon nardus,L.,,Cymbopogon nardus,,(nardus L.) = Cymbopogon nardus,ambiguous,,,,,,,,exact_name,1.00,,,Ambiguous WFO match (3 records).,World Flora Online Plant List,2026-06
synonym,Andropogon,Poaceae,Andropogon scoparius,Michx.,,Schizachyrium scoparium,,(scoparius Michx.) = Schizachyrium scoparium,ambiguous,,,,,,,,exact_name,1.00,,,Ambiguous WFO match (2 records).,World Flora Online Plant List,2026-06
accepted,Anemone,Ranunculaceae,Anemone nemorosa,L.,European wood anemone,,,nemorosa L.--European wood anemone,ambiguous,,,,,,,,exact_name,1.00,,,Ambiguous WFO match (2 records).,World Flora Online Plant List,2026-06
accepted,Apium,Apiaceae,Apium graveolens var. rapaceum,(Mill.) Gaudich.,"celeriac, turnip-rooted celery, knob c, celery-root",,,"graveolens var. rapaceum (Mill.) Gaudich.--celeriac, turnip-rooted celery, knob c, celery-root",ambiguous,,,,,,,,exact_name,1.00,,,Ambiguous WFO match (2 records).,World Flora Online Plant List,2026-06
accepted,Apium,Apiaceae,Apium leptophyllum,(Pers.) F. v. Muell. ex Benth.,"wild celery, slender c.",,,"leptophyllum (Pers.) F. v. Muell. ex Benth.--wild celery, slender c.",ambiguous,,,,,,,,exact_name,1.00,,,Ambiguous WFO match (2 records).,World Flora Online Plant List,2026-06
accepted,Araucaria,Araucariaceae,Araucaria angustifolia,(Bertol.) Ktze.,Parana-pine,,,angustifolia (Bertol.) Ktze.--Parana-pine,ambiguous,,,,,,,,exact_name,1.00,,,Ambiguous WFO match (2 records).,World Flora Online Plant List,2026-06
accepted,Araujia,Asclepiadaceae,Araujia sericoJFera,Brot. - -bladder-flower,,,,sericoJFera Brot. - -bladder-flower,unresolved,,,,,,,,,0.00,,,No exact WFO match. Manual review required; no modern name was guessed.,World Flora Online Plant List,2026-06
synonym,Areca,Arecaceae,Areca cathecu,L.,,Areca catechu,,(cathecu L.) = A. catechu,unresolved,,,,,,,,,0.00,,,No exact WFO match. Manual review required; no modern name was guessed.,World Flora Online Plant List,2026-06
synonym,Arenga,Arecaceae,Arenga saccharifera,Labill.,,Arenga pinnata,,(saccharifera Labill.) = A. pinnata,ambiguous,,,,,,,,exact_name,1.00,,,Ambiguous WFO match (2 records).,World Flora Online Plant List,2026-06
synonym,Arracada,Apiaceae,Arracada esculenta,DC.,,Arracada xanthorrhiza,,(esculenta DC.) = A. xanthorrhiza,unresolved,,,,,,,,,0.00,,,No exact WFO match. Manual review required; no modern name was guessed.,World Flora Online Plant List,2026-06
accepted,Arracada,Apiaceae,Arracada xanthorrhiza,Bancroft,"arracacha, Peruvian-carrot",,,"xanthorrhiza Bancroft--arracacha, Peruvian-carrot",unresolved,,,,,,,,,0.00,,,No exact WFO match. Manual review required; no modern name was guessed.,World Flora Online Plant List,2026-06
accepted,Artemisia,Asteraceae,Artemisia califomica,Less.,California sagebrush,,,califomica Less.--California sagebrush,unresolved,,,,,,,,,0.00,,,No exact WFO match. Manual review required; no modern name was guessed.,World Flora Online Plant List,2026-06
accepted,Artocarpus,Moraceae,Artocarpus altills,(Parkins.) Fosb.,breadfruit,,,altills (Parkins.) Fosb.--breadfruit,unresolved,,,,,,,,,0.00,,,No exact WFO match. Manual review required; no modern name was guessed.,World Flora Online Plant List,2026-06
synonym,Arundinaria,Poaceae,Arundinaria longifolia,Foum.,,Bambusa longifolia,,(longifolia Foum.) = Bambusa longifolia,ambiguous,,,,,,,,exact_name,1.00,,,Ambiguous WFO match (2 records).,World Flora Online Plant List,2026-06
synonym,Avicennia,Avicenniaceae,Avicennia nitida,Jacq.,,Avicennia germinans,,(nitida Jacq.) = A. germinans,ambiguous,,,,,,,,exact_name,1.00,,,Ambiguous WFO match (2 records).,World Flora Online Plant List,2026-06
accepted,Axonopus,Poaceae,Axonopus compressas,"(Sw.) Beauv,",tropical carpetgrass,,,"compressas (Sw.) Beauv,--tropical carpetgrass",unresolved,,,,,,,,,0.00,,,No exact WFO match. Manual review required; no modern name was guessed.,World Flora Online Plant List,2026-06
accepted,Barbarea,Brassicaceae,Barbarea vema,(Mill.) Aschers.,early winterer es s,,,vema (Mill.) Aschers.--early winterer es s,unresolved,,,,,,,,,0.00,,,No exact WFO match. Manual review required; no modern name was guessed.,World Flora Online Plant List,2026-06
accepted,Bar1eria,Acanthaceae,Bar1eria opaca,(Vahl) Nees,kwahu,,,opaca (Vahl) Nees--kwahu,unresolved,,,,,,,,,0.00,,,No exact WFO match. Manual review required; no modern name was guessed.,World Flora Online Plant List,2026-06
synonym,Bassia,Sapotaceae,Bassia latifolia,Roxb.,,Madhuca indica,,(latifolia Roxb.) = Madhuca indica,ambiguous,,,,,,,,exact_name,1.00,,,Ambiguous WFO match (2 records).,World Flora Online Plant List,2026-06
synonym,Bassia,Sapotaceae,Bassia longifolia,L.,,Ivladhuca longifolia,,(longifolia L.) = Ivladhuca longifolia,ambiguous,,,,,,,,exact_name,1.00,,,Ambiguous WFO match (2 records).,World Flora Online Plant List,2026-06
accepted,Bauhinia,Fabaceae,Bauhinia esculenta,Burchell,"camel's-foot, gemsbok bean",,,"esculenta Burchell--camel's-foot, gemsbok bean",unresolved,,,,,,,,,0.00,,,No exact WFO match. Manual review required; no modern name was guessed.,World Flora Online Plant List,2026-06
synonym,Bombax,Bombacaceae,Bombax pentandrum,L.,,Ceiba pentandra,,(pentandrum L.) = Ceiba pentandra,ambiguous,,,,,,,,exact_name,1.00,,,Ambiguous WFO match (2 records).,World Flora Online Plant List,2026-06
accepted,Bothriochloa,Poaceae,Bothriochloa King,Ranch bluestem,,,,King Ranch bluestem,unresolved,,,,,,,,,0.00,,,No exact WFO match. Manual review required; no modern name was guessed.,World Flora Online Plant List,2026-06
synonym,Brassica,Brassicaceae,Brassica alba,(L.) Rabenh.,,Sinapis alba,,(alba (L.) Rabenh.) = Sinapis alba,ambiguous,,,,,,,,exact_name,1.00,,,Ambiguous WFO match (2 records).,World Flora Online Plant List,2026-06
synonym,Brassica,Brassicaceae,Brassica arvensis,(L.) Rabenh.,,Sinapis arvensis,,(arvensis (L.) Rabenh.) = Sinapis arvensis,ambiguous,,,,,,,,exact_name,1.00,,,Ambiguous WFO match (2 records).,World Flora Online Plant List,2026-06
synonym,Brassica,Brassicaceae,Brassica cançestris,L.,,Brassica rapa,,(cançestris L.) = B. rapa,unresolved,,,,,,,,,0.00,,,No exact WFO match. Manual review required; no modern name was guessed.,World Flora Online Plant List,2026-06
synonym,Brassica,Brassicaceae,Brassica pekinensis,(Lour.) Rupr.,,Brassica rapa (Pekinensis Group)    .^. ^,,(pekinensis (Lour.) Rupr.) = B. rapa (Pekinensis Group)    .^. ^,ambiguous,,,,,,,,exact_name,1.00,,,Ambiguous WFO match (2 records).,World Flora Online Plant List,2026-06
synonym,Briza,Poaceae,Briza spicata,Sibth. 5 Sm.,,Briza humilis,,(spicata Sibth. 5 Sm.) = B. humilis,ambiguous,,,,,,,,exact_name,1.00,,,Ambiguous WFO match (2 records).,World Flora Online Plant List,2026-06
synonym,Bromelia,Bromeliaceae,Bromelia comosa,L.,,Ananas comosus,,(comosa L.) = Ananas comosus,ambiguous,,,,,,,,exact_name,1.00,,,Ambiguous WFO match (2 records).,World Flora Online Plant List,2026-06
synonym,Bromus,Poaceae,Bromus brizaefomis,Fisch. § Mey.,,Bromus briziformis,,(brizaefomis Fisch. § Mey.) = B. briziformis,unresolved,,,,,,,,,0.00,,,No exact WFO match. Manual review required; no modern name was guessed.,World Flora Online Plant List,2026-06
accepted,Bromus,Poaceae,Bromus Srinft.T5noi^''?'A^,"Mey.-rattlesnake chess, rattlesnake brome",,,,"Srinft.T5noi^''?'A^ Mey.-rattlesnake chess, rattlesnake brome",unresolved,,,,,,,,,0.00,,,No exact WFO match. Manual review required; no modern name was guessed.,World Flora Online Plant List,2026-06
accepted,Bromus,Poaceae,Bromus Í^dSt^;í?i?r''-Q^'',Murr,"Japanese brome, Japanese chess",,,"Í^dSt^;í?i?r''-Q^'' Murr --Japanese brome, Japanese chess",unresolved,,,,,,,,,0.00,,,No exact WFO match. Manual review required; no modern name was guessed.,World Flora Online Plant List,2026-06
accepted,Bromus,Poaceae,Bromus mollis,L.,"soft chess, soft brome",,,"mollis L.--soft chess, soft brome",ambiguous,,,,,,,,exact_name,1.00,,,Ambiguous WFO match (2 records).,World Flora Online Plant List,2026-06
accepted,Bromus,Poaceae,"Bromus secalinusL.-cheat,","cheatgrass, chess, rye brome (Br.)",,,,"secalinusL.-cheat, cheatgrass, chess, rye brome (Br.)",unresolved,,,,,,,,,0.00,,,No exact WFO match. Manual review required; no modern name was guessed.,World Flora Online Plant List,2026-06
accepted,Bromus,Poaceae,Bromus unioloides,"H.B.K.-rescue grass- ^«rabs, aroopmg b. (Br.)",,,TN,"unioloides H.B.K.-rescue grass-[TN]        ^«rabs, aroopmg b. (Br.)",ambiguous,,,,,,,,exact_name,1.00,,,Ambiguous WFO match (2 records).,World Flora Online Plant List,2026-06
accepted,Bulnesia,Zygophyllaceae,Bulnesia sarmienti,Lorentz ex Griseb.,balsamo,,,sarmienti Lorentz ex Griseb.--balsamo,unresolved,,,,,,,,,0.00,,,No exact WFO match. Manual review required; no modern name was guessed.,World Flora Online Plant List,2026-06
accepted,Butyrospermum,Sapotaceae,"Butyrospermum shea-butter,",butterseed,,,,"shea-butter, butterseed",unresolved,,,,,,,,,0.00,,,No exact WFO match. Manual review required; no modern name was guessed.,World Flora Online Plant List,2026-06
accepted,Cacabus,Solanaceae,Cacabus pro^-^f-í^tus,Bemh.,,,,pro^-^f-í^tus Bemh.,unresolved,,,,,,,,,0.00,,,No exact WFO match. Manual review required; no modern name was guessed.,World Flora Online Plant List,2026-06
accepted,Caesalpinia,Fabaceae,Caesalpinia corlarla,(Jacq.) Willd.,divi-divi,,,corlarla (Jacq.) Willd.--divi-divi,unresolved,,,,,,,,,0.00,,,No exact WFO match. Manual review required; no modern name was guessed.,World Flora Online Plant List,2026-06
accepted,Calliandra,Fabaceae,Calliandra cumingii,Benth.,,,,cumingii Benth.,ambiguous,,,,,,,,exact_name,1.00,,,Ambiguous WFO match (2 records).,World Flora Online Plant List,2026-06
synonym,Calocarpum,Sapotaceae,Calocarpum mairanosum,Pierre,,Pouteria sapota,,(mairanosum Pierre) = Pouteria sapota,unresolved,,,,,,,,,0.00,,,No exact WFO match. Manual review required; no modern name was guessed.,World Flora Online Plant List,2026-06
accepted,Camassia,Liliaceae,Camassia quainash,(Pursh) Greene,ccsnmon camas,,,quainash (Pursh) Greene--ccsnmon camas,unresolved,,,,,,,,,0.00,,,No exact WFO match. Manual review required; no modern name was guessed.,World Flora Online Plant List,2026-06
accepted,Campsis,Bignoniaceae,Campsis Caiiç)totheca,(Nyssaceae),,,,Caiiç)totheca (Nyssaceae),unresolved,,,,,,,,,0.00,,,No exact WFO match. Manual review required; no modern name was guessed.,World Flora Online Plant List,2026-06
accepted,Campsis,Bignoniaceae,Campsis acuminata,Decne.,,,,acuminata Decne.,unresolved,,,,,,,,,0.00,,,No exact WFO match. Manual review required; no modern name was guessed.,World Flora Online Plant List,2026-06
accepted,Canavalia,Fabaceae,Canavalia marítima,(Aubl.) Thou.,,,,marítima (Aubl.) Thou.,ambiguous,,,,,,,,exact_name,1.00,,,Ambiguous WFO match (2 records).,World Flora Online Plant List,2026-06
accepted,Canavalia,Fabaceae,Canavalia plagiospema,Piper,oblique-seed jackbean,,,plagiospema Piper--oblique-seed jackbean,unresolved,,,,,,,,,0.00,,,No exact WFO match. Manual review required; no modern name was guessed.,World Flora Online Plant List,2026-06
accepted,Canavalia,Fabaceae,Canavalia virosa,(Roxb.) Wight § Arn.,,,,virosa (Roxb.) Wight § Arn.,ambiguous,,,,,,,,exact_name,1.00,,,Ambiguous WFO match (2 records).,World Flora Online Plant List,2026-06
accepted,Capsicum,Solanaceae,Capsicum chili,p.,,,,chili p.,unresolved,,,,,,,,,0.00,,,No exact WFO match. Manual review required; no modern name was guessed.,World Flora Online Plant List,2026-06
accepted,Capsicum,Solanaceae,Capsicum bird,pepper                                                       ',,,,bird pepper                                                       ',unresolved,,,,,,,,,0.00,,,No exact WFO match. Manual review required; no modern name was guessed.,World Flora Online Plant List,2026-06
accepted,Cardarla,Brassicaceae,Cardarla draba,(L.) Desv.,hoary cress,,,draba (L.) Desv.--hoary cress,unresolved,,,,,,,,,0.00,,,No exact WFO match. Manual review required; no modern name was guessed.,World Flora Online Plant List,2026-06
accepted,Carica,Caricaceae,Carica pubescens,Lenné § K. Koch,mountain papaya,,,pubescens Lenné § K. Koch--mountain papaya,ambiguous,,,,,,,,exact_name,1.00,,,Ambiguous WFO match (2 records).,World Flora Online Plant List,2026-06
synonym,Camegiea,Cactaceae,Camegiea gigantea,(Engelm.) Britt. ^ Rose,,Cereus giganteus Engelm.,,(gigantea (Engelm.) Britt. ^ Rose) = Cereus giganteus Engelm.,unresolved,,,,,,,,,0.00,,,No exact WFO match. Manual review required; no modern name was guessed.,World Flora Online Plant List,2026-06
synonym,Carum,Apiaceae,Carum copticum,(L.) Benth. § Hook. £. ex C. B. Clarke,,Trachyspermum ammi,,(copticum (L.) Benth. § Hook. £. ex C. B. Clarke) = Trachyspermum ammi,ambiguous,,,,,,,,exact_name,1.00,,,Ambiguous WFO match (2 records).,World Flora Online Plant List,2026-06
synonym,Carya,Juglandaceae,Carya alba,(L.) K. Koch,,Carya tomentosa,,(alba (L.) K. Koch) = C. tomentosa,ambiguous,,,,,,,,exact_name,1.00,,,Ambiguous WFO match (2 records).,World Flora Online Plant List,2026-06
accepted,Carya,Juglandaceae,Carya cordi£ormis,(Wangenh.) K. Koch,"bittemut hickory, pignut",,,"cordi£ormis (Wangenh.) K. Koch--bittemut hickory, pignut",unresolved,,,,,,,,,0.00,,,No exact WFO match. Manual review required; no modern name was guessed.,World Flora Online Plant List,2026-06
accepted,Carya,Juglandaceae,Carya illinoensis,(Wangenh.) K. Koch,pecan--[TN],,TN,illinoensis (Wangenh.) K. Koch--pecan--[TN],unresolved,,,,,,,,,0.00,,,No exact WFO match. Manual review required; no modern name was guessed.,World Flora Online Plant List,2026-06
accepted,Carya,Juglandaceae,Carya myristici£ormis,(Michx. £•) Nutt.,nutmeg hickory,,,myristici£ormis (Michx. £•) Nutt.--nutmeg hickory,unresolved,,,,,,,,,0.00,,,No exact WFO match. Manual review required; no modern name was guessed.,World Flora Online Plant List,2026-06
synonym,Carya,Juglandaceae,Carya olivi£ormis,(Michx.) Nutt.,,Carya illinoensis,,(olivi£ormis (Michx.) Nutt.) = C. illinoensis,unresolved,,,,,,,,,0.00,,,No exact WFO match. Manual review required; no modern name was guessed.,World Flora Online Plant List,2026-06
synonym,Carya,continued,Carya pecan,(Marsh.) Engl. § Graebn.,,Carya illinoensis,,(pecan (Marsh.) Engl. § Graebn.) = C. illinoensis,ambiguous,,,,,,,,exact_name,1.00,,,Ambiguous WFO match (2 records).,World Flora Online Plant List,2026-06
synonym,Caryophyllus,Myrtaceae,Caryophyllus aromáticas,L.,,Syzygium aromaticum,,(aromáticas L.) = Syzygium aromaticum,unresolved,,,,,,,,,0.00,,,No exact WFO match. Manual review required; no modern name was guessed.,World Flora Online Plant List,2026-06
synonym,Cassia,Fabaceae,Cassia angustifolia,Vahl,,Cassia senna,,(angustifolia Vahl) = C. senna,ambiguous,,,,,,,,exact_name,1.00,,,Ambiguous WFO match (2 records).,World Flora Online Plant List,2026-06
accepted,Cassia,Fabaceae,Cassia floribunda,Cav.,,,,floribunda Cav.,ambiguous,,,,,,,,exact_name,1.00,,,Ambiguous WFO match (3 records).,World Flora Online Plant List,2026-06
synonym,Cassia,Fabaceae,Cassia laevigata,Willd.) « C. floribunda,,,,(laevigata Willd.) « C. floribunda,ambiguous,,,,,,,,exact_name,1.00,,,Ambiguous WFO match (2 records).,World Flora Online Plant List,2026-06
synonym,Cassia,Fabaceae,Cassia marginata,Roxb.) - C. roxburghii,,,,(marginata Roxb.) - C. roxburghii,ambiguous,,,,,,,,exact_name,1.00,,,Ambiguous WFO match (3 records).,World Flora Online Plant List,2026-06
accepted,Cassia,Fabaceae,Cassia mimosoides,L.,,,,mimosoides L.,ambiguous,,,,,,,,exact_name,1.00,,,Ambiguous WFO match (3 records).,World Flora Online Plant List,2026-06
accepted,Cassia,Fabaceae,Cassia obtus,ifolia L.,s icklepod,,,obtus ifolia L.--s icklepod,unresolved,,,,,,,,,0.00,,,No exact WFO match. Manual review required; no modern name was guessed.,World Flora Online Plant List,2026-06
accepted,Cassia,Fabaceae,Cassia occidentalis,L.,"coffee senna, negro-coffee",,,"occidentalis L.--coffee senna, negro-coffee",ambiguous,,,,,,,,exact_name,1.00,,,Ambiguous WFO match (2 records).,World Flora Online Plant List,2026-06
accepted,Castanopsis,Fagaceae,Castanopsis California,c.,,,,California c.,unresolved,,,,,,,,,0.00,,,No exact WFO match. Manual review required; no modern name was guessed.,World Flora Online Plant List,2026-06
accepted,Catalpa,Bignoniaceae,"Catalpa catawba-tree,",western c.,,,,"catawba-tree, western c.",unresolved,,,,,,,,,0.00,,,No exact WFO match. Manual review required; no modern name was guessed.,World Flora Online Plant List,2026-06
synonym,Celastrus,Celastraceae,Celastrus edulis,Vahl,,Catha edulis,,(edulis Vahl) = Catha edulis,ambiguous,,,,,,,,exact_name,1.00,,,Ambiguous WFO match (2 records).,World Flora Online Plant List,2026-06
accepted,Cenchrus,Poaceae,Cenchrus bifloras,Roxb.,,,,bifloras Roxb.,unresolved,,,,,,,,,0.00,,,No exact WFO match. Manual review required; no modern name was guessed.,World Flora Online Plant List,2026-06
accepted,Centaurea,Asteraceae,Centaurea maculosa,Lam.,spotted knapweed,,,maculosa Lam.--spotted knapweed,ambiguous,,,,,,,,exact_name,1.00,,,Ambiguous WFO match (4 records).,World Flora Online Plant List,2026-06
synonym,Centaurium,Gentianaceae,Centaurium minus,auct.,,Centaurium erythraea,,(minus auct.) = C. erythraea,ambiguous,,,,,,,,exact_name,1.00,,,Ambiguous WFO match (2 records).,World Flora Online Plant List,2026-06
synonym,Cerasus,Rosaceae,Cerasus laurocerasus,(L.) Loisel.) « Prunus laurocerasus,,,,(laurocerasus (L.) Loisel.) « Prunus laurocerasus,ambiguous,,,,,,,,exact_name,1.00,,,Ambiguous WFO match (2 records).,World Flora Online Plant List,2026-06
accepted,Cestrum,Solanaceae,Cestrum noctumum,L.,night jessamine,,,noctumum L.--night jessamine,unresolved,,,,,,,,,0.00,,,No exact WFO match. Manual review required; no modern name was guessed.,World Flora Online Plant List,2026-06
accepted,Chaenorrhinum,Scrophulariaceae,Chaenorrhinum minus,(L.) Lange,dwarf snapdragon,,,minus (L.) Lange--dwarf snapdragon,unresolved,,,,,,,,,0.00,,,No exact WFO match. Manual review required; no modern name was guessed.,World Flora Online Plant List,2026-06
accepted,Qienopodium,Chenopodiaceae,Qienopodium album,L.,"lambsquarters, lamb's-quarters",,,"album L.--lambsquarters, lamb's-quarters",unresolved,,,,,,,,,0.00,,,No exact WFO match. Manual review required; no modern name was guessed.,World Flora Online Plant List,2026-06
accepted,Qienopodium,Chenopodiaceae,Qienopodium amaranticolor,Coste § Reyn.,,,,amaranticolor Coste § Reyn.,unresolved,,,,,,,,,0.00,,,No exact WFO match. Manual review required; no modern name was guessed.,World Flora Online Plant List,2026-06
accepted,Qienopodium,Chenopodiaceae,Qienopodium ambrosioides,L.,"Mexican tea, wormseed",,,"ambrosioides L.--Mexican tea, wormseed",unresolved,,,,,,,,,0.00,,,No exact WFO match. Manual review required; no modern name was guessed.,World Flora Online Plant List,2026-06
accepted,Qienopodium,Chenopodiaceae,Qienopodium bonus-henricus,L.,"perennial goosefoot, Good-King-Henry",,,"bonus-henricus L.--perennial goosefoot, Good-King-Henry",unresolved,,,,,,,,,0.00,,,No exact WFO match. Manual review required; no modern name was guessed.,World Flora Online Plant List,2026-06
accepted,Qienopodium,Chenopodiaceae,Qienopodium botrys,L.,Jerusalem-oak goosefoot,,,botrys L.--Jerusalem-oak goosefoot,unresolved,,,,,,,,,0.00,,,No exact WFO match. Manual review required; no modern name was guessed.,World Flora Online Plant List,2026-06
accepted,Qienopodium,Chenopodiaceae,Qienopodium giganteum,D. Don,,,,giganteum D. Don,unresolved,,,,,,,,,0.00,,,No exact WFO match. Manual review required; no modern name was guessed.,World Flora Online Plant List,2026-06
accepted,Qienopodium,Chenopodiaceae,Qienopodium murale,L.,nettlelea£ goosefoot,,,murale L.--nettlelea£ goosefoot,unresolved,,,,,,,,,0.00,,,No exact WFO match. Manual review required; no modern name was guessed.,World Flora Online Plant List,2026-06
synonym,Qienopodium,Chenopodiaceae,Qienopodium nuttalliae,Safford,,C. quinoa,,(nuttalliae Safford) = C. quinoa,unresolved,,,,,,,,,0.00,,,No exact WFO match. Manual review required; no modern name was guessed.,World Flora Online Plant List,2026-06
accepted,Qienopodium,Chenopodiaceae,Qienopodium pallidicaule,Aellen,,,,pallidicaule Aellen,unresolved,,,,,,,,,0.00,,,No exact WFO match. Manual review required; no modern name was guessed.,World Flora Online Plant List,2026-06
accepted,Qienopodium,Chenopodiaceae,Qienopodium polyspermum,L.,many-seeded goosefoot,,,polyspermum L.--many-seeded goosefoot,unresolved,,,,,,,,,0.00,,,No exact WFO match. Manual review required; no modern name was guessed.,World Flora Online Plant List,2026-06
accepted,Qienopodium,Chenopodiaceae,Qienopodium quinoa,Willd.,quinoa,,,quinoa Willd.--quinoa,unresolved,,,,,,,,,0.00,,,No exact WFO match. Manual review required; no modern name was guessed.,World Flora Online Plant List,2026-06
accepted,Qienopodium,Chenopodiaceae,Qienopodium rubrum,L.,red goosefoot,,,rubrum L.--red goosefoot,unresolved,,,,,,,,,0.00,,,No exact WFO match. Manual review required; no modern name was guessed.,World Flora Online Plant List,2026-06
accepted,Chlorophora,Moraceae,Chlorophora tinctoria,(L.) Gaudich. ex Benth. § Hook. f.,fustic-mulberry,,,tinctoria (L.) Gaudich. ex Benth. § Hook. f.--fustic-mulberry,ambiguous,,,,,,,,exact_name,1.00,,,Ambiguous WFO match (2 records).,World Flora Online Plant List,2026-06
accepted,Chrysanthemum,Asteraceae,Chrysanthemum balsamita,L.,costmary,,,balsamita L.--costmary,ambiguous,,,,,,,,exact_name,1.00,,,Ambiguous WFO match (2 records).,World Flora Online Plant List,2026-06
accepted,Chrysanthemum,Asteraceae,Chrysanthemum coccineum,Willd.,Persian insect-flower,,,coccineum Willd.--Persian insect-flower,ambiguous,,,,,,,,exact_name,1.00,,,Ambiguous WFO match (2 records).,World Flora Online Plant List,2026-06
accepted,Chrysanthemum,Asteraceae,Chrysanthemum morifolium,Ramat.,florist's chrysanthemum,,,morifolium Ramat.--florist's chrysanthemum,ambiguous,,,,,,,,exact_name,1.00,,,Ambiguous WFO match (2 records).,World Flora Online Plant List,2026-06
synonym,Chrysanthemum,Asteraceae,Chrysanthemum roseum,Adam,,Chrysanthemum coccineum,,(roseum Adam) = C. coccineum,ambiguous,,,,,,,,exact_name,1.00,,,Ambiguous WFO match (2 records).,World Flora Online Plant List,2026-06
accepted,Cinnaniomum,Lauraceae,Cinnaniomum aromaticum,Nees,cassia,,,aromaticum Nees--cassia,unresolved,,,,,,,,,0.00,,,No exact WFO match. Manual review required; no modern name was guessed.,World Flora Online Plant List,2026-06
accepted,Cinnaniomum,Lauraceae,Cinnaniomum burmannii,(Nees) Bl.,padang-cassia,,,burmannii (Nees) Bl.--padang-cassia,unresolved,,,,,,,,,0.00,,,No exact WFO match. Manual review required; no modern name was guessed.,World Flora Online Plant List,2026-06
accepted,Cinnaniomum,Lauraceae,Cinnaniomum camphora,"(L,) J. S. Prèsl",camphor-tree,,,"camphora (L,) J. S. Prèsl--camphor-tree",unresolved,,,,,,,,,0.00,,,No exact WFO match. Manual review required; no modern name was guessed.,World Flora Online Plant List,2026-06
synonym,Cinnaniomum,Lauraceae,Cinnaniomum cassia,Nees ex Bl.) « C. aromaticum,,,,(cassia Nees ex Bl.) « C. aromaticum,unresolved,,,,,,,,,0.00,,,No exact WFO match. Manual review required; no modern name was guessed.,World Flora Online Plant List,2026-06
accepted,Cinnaniomum,Lauraceae,Cinnaniomum tamala,(Buch.-Ham.) Nees § Oberm.,Indian-bark,,,tamala (Buch.-Ham.) Nees § Oberm.--Indian-bark,unresolved,,,,,,,,,0.00,,,No exact WFO match. Manual review required; no modern name was guessed.,World Flora Online Plant List,2026-06
accepted,Cinnaniomum,Lauraceae,Cinnaniomum verum,J. S. Presl,cinnamon,,,verum J. S. Presl--cinnamon,unresolved,,,,,,,,,0.00,,,No exact WFO match. Manual review required; no modern name was guessed.,World Flora Online Plant List,2026-06
synonym,Cinnaniomum,Lauraceae,Cinnaniomum zeylanicum,"Gare, ex Bl.) « C. verum",,,,"(zeylanicum Gare, ex Bl.) « C. verum",unresolved,,,,,,,,,0.00,,,No exact WFO match. Manual review required; no modern name was guessed.,World Flora Online Plant List,2026-06
accepted,Cissus,Vitaceae,Cissus rhonibifolia,Vahl,grape ivy,,,rhonibifolia Vahl--grape ivy,unresolved,,,,,,,,,0.00,,,No exact WFO match. Manual review required; no modern name was guessed.,World Flora Online Plant List,2026-06
accepted,Citrullus,Cucurbitaceae,"Citrullus melon,",stock m.,,,,"melon, stock m.",unresolved,,,,,,,,,0.00,,,No exact WFO match. Manual review required; no modern name was guessed.,World Flora Online Plant List,2026-06
accepted,Citrus,Rutaceae,Citrus X,nobilis Lour.,king orange,,,X nobilis Lour.--king orange,unresolved,,,,,,,,,0.00,,,No exact WFO match. Manual review required; no modern name was guessed.,World Flora Online Plant List,2026-06
accepted,Cladium,Cyperaceae,Cladium jamaicense,Crantz,sawgrass,,,jamaicense Crantz--sawgrass,ambiguous,,,,,,,,exact_name,1.00,,,Ambiguous WFO match (2 records).,World Flora Online Plant List,2026-06
accepted,Cleome,Capparaceae,Cleome hasslerana,Chod.,spider£lower,,,hasslerana Chod.--spider£lower,unresolved,,,,,,,,,0.00,,,No exact WFO match. Manual review required; no modern name was guessed.,World Flora Online Plant List,2026-06
accepted,Cleome,Capparaceae,Cleome spinosa,Jacq.,spiny spiderflower,,,spinosa Jacq.--spiny spiderflower,ambiguous,,,,,,,,exact_name,1.00,,,Ambiguous WFO match (3 records).,World Flora Online Plant List,2026-06
accepted,Clitoria,Fabaceae,Clitoria tematea,L.,"butterfly pea, Asian pigeon-wings",,,"tematea L.--butterfly pea, Asian pigeon-wings",unresolved,,,,,,,,,0.00,,,No exact WFO match. Manual review required; no modern name was guessed.,World Flora Online Plant List,2026-06
accepted,Cnidoscolus,Euphorbiaceae,Cnidoscolus stimilosus,(Michx.) Engelm. § A. Gray,bullnettle,,,stimilosus (Michx.) Engelm. § A. Gray--bullnettle,unresolved,,,,,,,,,0.00,,,No exact WFO match. Manual review required; no modern name was guessed.,World Flora Online Plant List,2026-06
synonym,Cochlearia,Brassicaceae,Cochlearia armoracia,L.,,Armoracia rusticana,,(armoracia L.) = Armoracia rusticana,ambiguous,,,,,,,,exact_name,1.00,,,Ambiguous WFO match (2 records).,World Flora Online Plant List,2026-06
accepted,Coelococcus,Arecaceae,Coelococcus Co££ea,(Rubiaceae),,,TN,Co££ea (Rubiaceae) [TN],unresolved,,,,,,,,,0.00,,,No exact WFO match. Manual review required; no modern name was guessed.,World Flora Online Plant List,2026-06
accepted,Coelococcus,Arecaceae,Coelococcus arabica,L.,coffee,,,arabica L.--coffee,unresolved,,,,,,,,,0.00,,,No exact WFO match. Manual review required; no modern name was guessed.,World Flora Online Plant List,2026-06
accepted,Coelococcus,Arecaceae,Coelococcus bengalensis,Roxb. ex Heyne ^ Wilid.,Bengal coffee,,,bengalensis Roxb. ex Heyne ^ Wilid.--Bengal coffee,unresolved,,,,,,,,,0.00,,,No exact WFO match. Manual review required; no modern name was guessed.,World Flora Online Plant List,2026-06
accepted,Coelococcus,Arecaceae,Coelococcus canephora,Pierre ex Froehner,robusta coffee,,,canephora Pierre ex Froehner--robusta coffee,unresolved,,,,,,,,,0.00,,,No exact WFO match. Manual review required; no modern name was guessed.,World Flora Online Plant List,2026-06
accepted,Coelococcus,Arecaceae,Coelococcus congensis,Froehner,Congo coffee,,,congensis Froehner--Congo coffee,unresolved,,,,,,,,,0.00,,,No exact WFO match. Manual review required; no modern name was guessed.,World Flora Online Plant List,2026-06
synonym,Coelococcus,Arecaceae,Coelococcus dewevrei,De Wild. § Dur.,,Coelococcus liberica,,(dewevrei De Wild. § Dur.) = C. liberica,unresolved,,,,,,,,,0.00,,,No exact WFO match. Manual review required; no modern name was guessed.,World Flora Online Plant List,2026-06
synonym,Coelococcus,Arecaceae,Coelococcus excelsa,A. Chev.,,Coelococcus liberica,,(excelsa A. Chev.) = C. liberica,unresolved,,,,,,,,,0.00,,,No exact WFO match. Manual review required; no modern name was guessed.,World Flora Online Plant List,2026-06
accepted,Coelococcus,Arecaceae,Coelococcus liberica,Bull ex Hiern,liberica coffee,,,liberica Bull ex Hiern--liberica coffee,unresolved,,,,,,,,,0.00,,,No exact WFO match. Manual review required; no modern name was guessed.,World Flora Online Plant List,2026-06
synonym,Coelococcus,Arecaceae,Coelococcus robusta,Linden ex De Wild.,,Coelococcus canephora,,(robusta Linden ex De Wild.) = C. canephora,unresolved,,,,,,,,,0.00,,,No exact WFO match. Manual review required; no modern name was guessed.,World Flora Online Plant List,2026-06
accepted,Coelococcus,Arecaceae,Coelococcus stenophylla,G. Don,,,,stenophylla G. Don,unresolved,,,,,,,,,0.00,,,No exact WFO match. Manual review required; no modern name was guessed.,World Flora Online Plant List,2026-06
accepted,Cola,Sterculiaceae,Cola Colchicum,(LiliaceaeJ,,,,Colchicum (LiliaceaeJ,unresolved,,,,,,,,,0.00,,,No exact WFO match. Manual review required; no modern name was guessed.,World Flora Online Plant List,2026-06
accepted,Cola,Sterculiaceae,Cola autumnale,L.,"autumn crocus, meadow saffron",,,"autumnale L.--autumn crocus, meadow saffron",unresolved,,,,,,,,,0.00,,,No exact WFO match. Manual review required; no modern name was guessed.,World Flora Online Plant List,2026-06
synonym,Coleus,Lamiaceae,Coleus tuberosus,(Bl.) Benth.,,Coleus parviflorus,,(tuberosus (Bl.) Benth.) = C. parviflorus,ambiguous,,,,,,,,exact_name,1.00,,,Ambiguous WFO match (2 records).,World Flora Online Plant List,2026-06
synonym,Colocynthis,Cucurbitaceae,Colocynthis citrullus,(L.) Ktze.,,Citrullus lanatus,,(citrullus (L.) Ktze.) = Citrullus lanatus,ambiguous,,,,,,,,exact_name,1.00,,,Ambiguous WFO match (2 records).,World Flora Online Plant List,2026-06
accepted,Commelina,Coramelinaceae,Commelina commuais,L.,dayflower,,,commuais L.--dayflower,unresolved,,,,,,,,,0.00,,,No exact WFO match. Manual review required; no modern name was guessed.,World Flora Online Plant List,2026-06
accepted,Copemicia,Arecaceae,Copemicia alba,Morong,,,,alba Morong,unresolved,,,,,,,,,0.00,,,No exact WFO match. Manual review required; no modern name was guessed.,World Flora Online Plant List,2026-06
synonym,Copemicia,Arecaceae,Copemicia australis,Becc.,,Copemicia alba,,(australis Becc.) = C. alba,unresolved,,,,,,,,,0.00,,,No exact WFO match. Manual review required; no modern name was guessed.,World Flora Online Plant List,2026-06
synonym,Copemicia,Arecaceae,Copemicia cerífera,(Arr. CamO Mart.,,Copemicia prunifera,,(cerífera (Arr. CamO Mart.) = C. prunifera,unresolved,,,,,,,,,0.00,,,No exact WFO match. Manual review required; no modern name was guessed.,World Flora Online Plant List,2026-06
accepted,Copemicia,Arecaceae,Copemicia prunifera,(Mill.) H. E. Moore,carnauba wax palm,,,prunifera (Mill.) H. E. Moore--carnauba wax palm,unresolved,,,,,,,,,0.00,,,No exact WFO match. Manual review required; no modern name was guessed.,World Flora Online Plant List,2026-06
accepted,Corchorus,Tiliaceae,Corchorus capsular,is L.,vdiite jute,,,capsular is L.--vdiite jute,unresolved,,,,,,,,,0.00,,,No exact WFO match. Manual review required; no modern name was guessed.,World Flora Online Plant List,2026-06
accepted,Coreopsis,Asteraceae,Coreopsis tinctoris,Mutt.—plains coreopsis,,,,tinctoris Mutt.—plains coreopsis,unresolved,,,,,,,,,0.00,,,No exact WFO match. Manual review required; no modern name was guessed.,World Flora Online Plant List,2026-06
accepted,Corylus,Betulaceae,Corylus columa,L.,"Turkish hazel, Turkish filbert",,,"columa L.--Turkish hazel, Turkish filbert",unresolved,,,,,,,,,0.00,,,No exact WFO match. Manual review required; no modern name was guessed.,World Flora Online Plant List,2026-06
accepted,Corylus,continued,Corylus comuta,Marsh.,beaked hazel,,,comuta Marsh.--beaked hazel,unresolved,,,,,,,,,0.00,,,No exact WFO match. Manual review required; no modern name was guessed.,World Flora Online Plant List,2026-06
accepted,Corylus,continued,Corylus comuta var. califomica,(A. DC.) Sharp,California hazel,,,comuta var. califomica (A. DC.) Sharp--California hazel,unresolved,,,,,,,,,0.00,,,No exact WFO match. Manual review required; no modern name was guessed.,World Flora Online Plant List,2026-06
synonym,Corylus,continued,Corylus rostrata,Ait.,,Corylus comuta,,(rostrata Ait.) = C. comuta,ambiguous,,,,,,,,exact_name,1.00,,,Ambiguous WFO match (2 records).,World Flora Online Plant List,2026-06
accepted,Couroupita,Lecythidaceae,Couroupita guianens,is Aubl.,cannonbal 1 - tree,,,guianens is Aubl. - - cannonbal 1 - tree,unresolved,,,,,,,,,0.00,,,No exact WFO match. Manual review required; no modern name was guessed.,World Flora Online Plant List,2026-06
synonym,Crassocephalum,Asteraceae,Crassocephalum Crataeva,,,Crateva,,(Crataeva) = Crateva,unresolved,,,,,,,,,0.00,,,No exact WFO match. Manual review required; no modern name was guessed.,World Flora Online Plant List,2026-06
accepted,Crotalaria,Fabaceae,Crotalaria bialata,Schrank,,,,bialata Schrank,ambiguous,,,,,,,,exact_name,1.00,,,Ambiguous WFO match (2 records).,World Flora Online Plant List,2026-06
synonym,Crotalaria,Fabaceae,Crotalaria inteimedia,Kotschy,,Crotalaria brevidens var. intermedia,,(inteimedia Kotschy) = C. brevidens var. intermedia,unresolved,,,,,,,,,0.00,,,No exact WFO match. Manual review required; no modern name was guessed.,World Flora Online Plant List,2026-06
accepted,Crotalaria,Fabaceae,Crotalaria paluda,Ait.,smooth crotalaria,,,paluda Ait.--smooth crotalaria,unresolved,,,,,,,,,0.00,,,No exact WFO match. Manual review required; no modern name was guessed.,World Flora Online Plant List,2026-06
synonym,Crotalaria,Fabaceae,Crotalaria striata^pc.,,,Crotalaria pallida,,(striata^pc.) = C. pallida,unresolved,,,,,,,,,0.00,,,No exact WFO match. Manual review required; no modern name was guessed.,World Flora Online Plant List,2026-06
accepted,Cucumis,Cucurbitaceae,Cucumis casaba,,,,,casaba,unresolved,,,,,,,,,0.00,,,No exact WFO match. Manual review required; no modern name was guessed.,World Flora Online Plant List,2026-06
accepted,Cucúrbita,Cucurbitaceae,Cucúrbita foetidissiina,H.B.K.,buffalo gourd,,,foetidissiina H.B.K.--buffalo gourd,unresolved,,,,,,,,,0.00,,,No exact WFO match. Manual review required; no modern name was guessed.,World Flora Online Plant List,2026-06
accepted,Curcuma,Zingiberaceae,Curcuma angustifolia,Roxb.,,,,angustifolia Roxb.,ambiguous,,,,,,,,exact_name,1.00,,,Ambiguous WFO match (2 records).,World Flora Online Plant List,2026-06
accepted,Cymbopogon,Poaceae,Cymbopogon martinii,(Roxb.) W. Wats.,"rosha grass, palmarosa",,,"martinii (Roxb.) W. Wats.--rosha grass, palmarosa",unresolved,,,,,,,,,0.00,,,No exact WFO match. Manual review required; no modern name was guessed.,World Flora Online Plant List,2026-06
accepted,Cymbopogon,Poaceae,Cymbopogon winteranus,Jowitt,,,,winteranus Jowitt,unresolved,,,,,,,,,0.00,,,No exact WFO match. Manual review required; no modern name was guessed.,World Flora Online Plant List,2026-06
accepted,Cynodon,Poaceae,Cynodon nlemfuëhsis,Vanderyst,,,,nlemfuëhsis Vanderyst,unresolved,,,,,,,,,0.00,,,No exact WFO match. Manual review required; no modern name was guessed.,World Flora Online Plant List,2026-06
accepted,Cyperus,Cyperaceae,Cyperus altemifolius,L.,umbrella-plant,,,altemifolius L.--umbrella-plant,unresolved,,,,,,,,,0.00,,,No exact WFO match. Manual review required; no modern name was guessed.,World Flora Online Plant List,2026-06
accepted,Cyperus,Cyperaceae,Cyperus ferajc,L. C. Rich.,,,,ferajc L. C. Rich.,unresolved,,,,,,,,,0.00,,,No exact WFO match. Manual review required; no modern name was guessed.,World Flora Online Plant List,2026-06
accepted,Cyphomandra,Solanaceae,Cyphomandra costariconsis,Donn. Sm.,,,,costariconsis Donn. Sm.,unresolved,,,,,,,,,0.00,,,No exact WFO match. Manual review required; no modern name was guessed.,World Flora Online Plant List,2026-06
accepted,Uacryodes,Burseraceae,Uacryodes edulis,(G. Don) H. J. Lam,eben-tree,,,edulis (G. Don) H. J. Lam--eben-tree,unresolved,,,,,,,,,0.00,,,No exact WFO match. Manual review required; no modern name was guessed.,World Flora Online Plant List,2026-06
accepted,Daniellia,Fabaceae,Daniellia frankincense,,,,,frankincense,unresolved,,,,,,,,,0.00,,,No exact WFO match. Manual review required; no modern name was guessed.,World Flora Online Plant List,2026-06
synonym,Datura,Solanaceae,Datura arbórea,L.,,Brugmansia arbórea,,(arbórea L.) = Brugmansia arbórea,ambiguous,,,,,,,,exact_name,1.00,,,Ambiguous WFO match (4 records).,World Flora Online Plant List,2026-06
synonym,Datura,Solanaceae,Datura candida,(Pers.) Saff.,,Brugmansia candida,,(candida (Pers.) Saff.) = Brugmansia candida,ambiguous,,,,,,,,exact_name,1.00,,,Ambiguous WFO match (3 records).,World Flora Online Plant List,2026-06
accepted,Datura,Solanaceae,Datura quercifolia,H.B.K.,,,,quercifolia H.B.K.,ambiguous,,,,,,,,exact_name,1.00,,,Ambiguous WFO match (2 records).,World Flora Online Plant List,2026-06
accepted,Delonix,Fabaceae,Delonix flame-tree,,,,,flame-tree,unresolved,,,,,,,,,0.00,,,No exact WFO match. Manual review required; no modern name was guessed.,World Flora Online Plant List,2026-06
synonym,Delphinium,Ranunculaceae,Delphinium orientale,Gay,,Consolida orientalis,,(orientale Gay) = Consolida orientalis,ambiguous,,,,,,,,exact_name,1.00,,,Ambiguous WFO match (2 records).,World Flora Online Plant List,2026-06
synonym,Desmodium,Fabaceae,Desmodium ovalifolium,Guill. § Perr.,,Desmodium adscendens,,(ovalifolium Guill. § Perr.) = D. adscendens,ambiguous,,,,,,,,exact_name,1.00,,,Ambiguous WFO match (3 records).,World Flora Online Plant List,2026-06
synonym,Desmodium,Fabaceae,Desmodium purpureum,(Mill.) Fawc. ^ Rendle,,Desmodium tortuosum,,(purpureum (Mill.) Fawc. ^ Rendle) = D. tortuosum,ambiguous,,,,,,,,exact_name,1.00,,,Ambiguous WFO match (2 records).,World Flora Online Plant List,2026-06
accepted,Desmodium,Fabaceae,Desmodium triflorum,(L.) DC.,threeflower beggarweed,,,triflorum (L.) DC.--threeflower beggarweed,ambiguous,,,,,,,,exact_name,1.00,,,Ambiguous WFO match (2 records).,World Flora Online Plant List,2026-06
accepted,Dianthus,Caryophyllaceae,Dianthus caryophyl,lus L.,camat ion,,,caryophyl lus L. - - camat ion,unresolved,,,,,,,,,0.00,,,No exact WFO match. Manual review required; no modern name was guessed.,World Flora Online Plant List,2026-06
accepted,Dichondra,Convolvulaceae,Dichondra micrantha,Urb.,dichondra,,,micrantha Urb.--dichondra,ambiguous,,,,,,,,exact_name,1.00,,,Ambiguous WFO match (2 records).,World Flora Online Plant List,2026-06
synonym,Dioscorea,Dioscoreaceae,Dioscorea aculeata,L.,,Dioscorea esculenta,,(aculeata L.) = D. esculenta,ambiguous,,,,,,,,exact_name,1.00,,,Ambiguous WFO match (3 records).,World Flora Online Plant List,2026-06
accepted,Dioscorea,Dioscoreaceae,Dioscorea cayenensis,Lam.,"yellow guinea yam, yellow y., twelve months y.",,,"cayenensis Lam.--yellow guinea yam, yellow y., twelve months y.",ambiguous,,,,,,,,genus_species_exact,0.97,,,Ambiguous WFO match (2 records).,World Flora Online Plant List,2026-06
accepted,Dioscorea,Dioscoreaceae,Dioscorea macrostachya,Benth.,,,,macrostachya Benth.,ambiguous,,,,,,,,exact_name,1.00,,,Ambiguous WFO match (2 records).,World Flora Online Plant List,2026-06
accepted,Diospyros,Ebenaceae,Diospyros digyna,Jacq.,black sapote--[TN],,TN,digyna Jacq.--black sapote--[TN],ambiguous,,,,,,,,exact_name,1.00,,,Ambiguous WFO match (2 records).,World Flora Online Plant List,2026-06
accepted,Diospyros,Ebenaceae,Diospyros Texas,Scheele,"texas persimmon, Mexican p., black p., chapóte",,,"Texas Scheele--texas persimmon, Mexican p., black p., chapóte",unresolved,,,,,,,,,0.00,,,No exact WFO match. Manual review required; no modern name was guessed.,World Flora Online Plant List,2026-06
accepted,Dipteryx,Fabaceae,Dipteryx oppositifolia,(Aubl.) Willd.,tonka bean,,,oppositifolia (Aubl.) Willd.--tonka bean,ambiguous,,,,,,,,exact_name,1.00,,,Ambiguous WFO match (2 records).,World Flora Online Plant List,2026-06
accepted,Dipteryx,Fabaceae,Dipteryx Dirca,(Thymelaeaceaeî,,,,Dirca (Thymelaeaceaeî,unresolved,,,,,,,,,0.00,,,No exact WFO match. Manual review required; no modern name was guessed.,World Flora Online Plant List,2026-06
accepted,Dipteryx,Fabaceae,Dipteryx palustris,L.,leatherwood,,,palustris L.--leatherwood,unresolved,,,,,,,,,0.00,,,No exact WFO match. Manual review required; no modern name was guessed.,World Flora Online Plant List,2026-06
accepted,Dipteryx,Fabaceae,Dipteryx ûistichlis,(Poaceae),,,,ûistichlis (Poaceae),unresolved,,,,,,,,,0.00,,,No exact WFO match. Manual review required; no modern name was guessed.,World Flora Online Plant List,2026-06
accepted,Dipteryx,Fabaceae,Dipteryx spicata,(L.) Greene,"seashore saltgrass, spike grass",,,"spicata (L.) Greene--seashore saltgrass, spike grass",unresolved,,,,,,,,,0.00,,,No exact WFO match. Manual review required; no modern name was guessed.,World Flora Online Plant List,2026-06
accepted,Dipteryx,Fabaceae,Dipteryx stricta,(Torr.) Rydb.,desert saltgrass,,,stricta (Torr.) Rydb.--desert saltgrass,unresolved,,,,,,,,,0.00,,,No exact WFO match. Manual review required; no modern name was guessed.,World Flora Online Plant List,2026-06
accepted,Dipteryx,Fabaceae,Dipteryx üizygotheca,(Araliaceae),,,,üizygotheca (Araliaceae),unresolved,,,,,,,,,0.00,,,No exact WFO match. Manual review required; no modern name was guessed.,World Flora Online Plant List,2026-06
accepted,Dipteryx,Fabaceae,Dipteryx elegantissima,(Veitch) Vig. § Guill.,threadleaf false aralia,,,elegantissima (Veitch) Vig. § Guill.--threadleaf false aralia,unresolved,,,,,,,,,0.00,,,No exact WFO match. Manual review required; no modern name was guessed.,World Flora Online Plant List,2026-06
synonym,Dolichos,Fabaceae,Dolichos stenocarpa,"Höchst, ex A. Rich.",,Sphenostylis stenocarpa,,"(stenocarpa Höchst, ex A. Rich.) = Sphenostylis stenocarpa",unresolved,,,,,,,,,0.00,,,No exact WFO match. Manual review required; no modern name was guessed.,World Flora Online Plant List,2026-06
accepted,Dorema,Apiaceae,Dorema ainmoniacum,D. Don,anDnoniakum,,,ainmoniacum D. Don--anDnoniakum,unresolved,,,,,,,,,0.00,,,No exact WFO match. Manual review required; no modern name was guessed.,World Flora Online Plant List,2026-06
accepted,Dovyalis,Flacourtiaceae,Dovyalis caffra,(Hook. £. ^ Harv.) Warb.,"kei-apple, umkokolo",,,"caffra (Hook. £. ^ Harv.) Warb.--kei-apple, umkokolo",ambiguous,,,,,,,,exact_name,1.00,,,Ambiguous WFO match (2 records).,World Flora Online Plant List,2026-06
accepted,Dracaena,Agavaceae,Dracaena marginata,Lam.,,,,marginata Lam.,ambiguous,,,,,,,,exact_name,1.00,,,Ambiguous WFO match (2 records).,World Flora Online Plant List,2026-06
accepted,Duboisia,Solanaceae,Duboisia leiciihardtii,F. v. Muell.,,,,leiciihardtii F. v. Muell.,unresolved,,,,,,,,,0.00,,,No exact WFO match. Manual review required; no modern name was guessed.,World Flora Online Plant List,2026-06
accepted,Duchesnea,Rosaceae,Duchesnea indica,(Andr.) Focke,"false strawberry, Indian s.",,,"indica (Andr.) Focke--false strawberry, Indian s.",ambiguous,,,,,,,,exact_name,1.00,,,Ambiguous WFO match (2 records).,World Flora Online Plant List,2026-06
synonym,Echinocactus,Cactaceae,Echinocactus wislizenii,Engelm.,,Ferocactus wislizenii,,(wislizenii Engelm.) = Ferocactus wislizenii,unresolved,,,,,,,,,0.00,,,No exact WFO match. Manual review required; no modern name was guessed.,World Flora Online Plant List,2026-06
accepted,Echinochloa,Poaceae,Echinochloa colonum,(L.) Link,"junglerice, jungle ricegrass, shama millet",,,"colonum (L.) Link--junglerice, jungle ricegrass, shama millet",ambiguous,,,,,,,,genus_species_exact,0.97,,,Ambiguous WFO match (15 records).,World Flora Online Plant List,2026-06
accepted,Echinochloa,Poaceae,Echinochloa crusgalli,(L.) Beauv. var. crusgalli,bamyardgrass,,,crusgalli (L.) Beauv. var. crusgalli--bamyardgrass,ambiguous,,,,,,,,genus_species_exact,0.97,,,Ambiguous WFO match (5 records).,World Flora Online Plant List,2026-06
accepted,Echinochloa,Poaceae,Echinochloa crusgalli var. frumentacea,(Link) W. F. Wight,"billion dollar grass,",,,"crusgalli var. frumentacea (Link) W. F. Wight--billion dollar grass,",ambiguous,,,,,,,,genus_species_exact,0.97,,,Ambiguous WFO match (5 records).,World Flora Online Plant List,2026-06
accepted,Echinochloa,Poaceae,Echinochloa Japanese,millet,"[NC], [TN]",,NC;TN,"Japanese millet--[NC], [TN]",unresolved,,,,,,,,,0.00,,,No exact WFO match. Manual review required; no modern name was guessed.,World Flora Online Plant List,2026-06
accepted,Eclipta,Asteraceae,Eclipta alba,(L.) Hassk.,eclipta,,,alba (L.) Hassk.--eclipta,ambiguous,,,,,,,,exact_name,1.00,,,Ambiguous WFO match (2 records).,World Flora Online Plant List,2026-06
accepted,Eichhomia,Pontederiaceae,Eichhomia azurea,(Sw.) Kunth,anchored waterhyacinth,,,azurea (Sw.) Kunth--anchored waterhyacinth,unresolved,,,,,,,,,0.00,,,No exact WFO match. Manual review required; no modern name was guessed.,World Flora Online Plant List,2026-06
accepted,Eichhomia,Pontederiaceae,Eichhomia crassipes,(Mart.) Solms,v/aterhyacinth,,,crassipes (Mart.) Solms--v/aterhyacinth,unresolved,,,,,,,,,0.00,,,No exact WFO match. Manual review required; no modern name was guessed.,World Flora Online Plant List,2026-06
synonym,Eichhomia,Pontederiaceae,Eichhomia Eichomia,,,Eichhomia,,(Eichomia) = Eichhomia,unresolved,,,,,,,,,0.00,,,No exact WFO match. Manual review required; no modern name was guessed.,World Flora Online Plant List,2026-06
accepted,Elodea,Hydrocharitaceae,Elodea canadensis,Michx.,elodea,,,canadensis Michx.--elodea,ambiguous,,,,,,,,exact_name,1.00,,,Ambiguous WFO match (2 records).,World Flora Online Plant List,2026-06
synonym,Elymus,Poaceae,Elymus caput-medusae,sens. auct. in part,,Taeniatherum asperum,,(caput-medusae sens. auct. in part) = Taeniatherum asperum,ambiguous,,,,,,,,exact_name,1.00,,,Ambiguous WFO match (2 records).,World Flora Online Plant List,2026-06
synonym,Eragrostis,Poaceae,Eragrostis poaeoides,Beauv.,,Eragrostis minor,,(poaeoides Beauv.) = E. minor,ambiguous,,,,,,,,genus_species_exact,0.97,,,Ambiguous WFO match (2 records).,World Flora Online Plant List,2026-06
accepted,Erodiian,Geraniaceae,Erodiian botrys,(Cav.) Bertol.,broadlea£ filaree,,,botrys (Cav.) Bertol.--broadlea£ filaree,unresolved,,,,,,,,,0.00,,,No exact WFO match. Manual review required; no modern name was guessed.,World Flora Online Plant List,2026-06
accepted,Erodiian,Geraniaceae,Erodiian cicutarium,(L.) L'Her. ex Ait.,"redstem filaree, alfilaria",,,"cicutarium (L.) L'Her. ex Ait.--redstem filaree, alfilaria",unresolved,,,,,,,,,0.00,,,No exact WFO match. Manual review required; no modern name was guessed.,World Flora Online Plant List,2026-06
accepted,Erodiian,Geraniaceae,Erodiian moschatum,"(L.) L*Hér. ex Ait,",váiitestem filaree,,,"moschatum (L.) L*Hér. ex Ait,--váiitestem filaree",unresolved,,,,,,,,,0.00,,,No exact WFO match. Manual review required; no modern name was guessed.,World Flora Online Plant List,2026-06
accepted,Eruca,Brassicaceae,"Eruca rocket-salad,","roquette, roka",,,,"rocket-salad, roquette, roka",unresolved,,,,,,,,,0.00,,,No exact WFO match. Manual review required; no modern name was guessed.,World Flora Online Plant List,2026-06
synonym,ErAAjm,Fabaceae,ErAAjm lens,L.,,Lens culinaris,,(lens L.) = Lens culinaris,unresolved,,,,,,,,,0.00,,,No exact WFO match. Manual review required; no modern name was guessed.,World Flora Online Plant List,2026-06
synonym,Erythraea,Gentianaceae,Erythraea centaurium,auct.,,Centaurium erythraea,,(centaurium auct.) = Centaurium erythraea,ambiguous,,,,,,,,exact_name,1.00,,,Ambiguous WFO match (2 records).,World Flora Online Plant List,2026-06
accepted,Erythrophleum,Fabaceae,Erythrophleum water-tree,,,,,water-tree,unresolved,,,,,,,,,0.00,,,No exact WFO match. Manual review required; no modern name was guessed.,World Flora Online Plant List,2026-06
synonym,Erythrophleum,Fabaceae,Erythrophleum Erythroxylon,,,Erythroxylum,,(Erythroxylon) = Erythroxylum,unresolved,,,,,,,,,0.00,,,No exact WFO match. Manual review required; no modern name was guessed.,World Flora Online Plant List,2026-06
accepted,Eschscholzia,Papaveraceae,Eschscholzia califomica,Cham.,California poppy,,,califomica Cham.--California poppy,unresolved,,,,,,,,,0.00,,,No exact WFO match. Manual review required; no modern name was guessed.,World Flora Online Plant List,2026-06
synonym,Eucalyptus,M/rtaceae,Eucalyptus rostrata,Schlecht.,,Eucalyptus camaldulensis,,(rostrata Schlecht.) = E. camaldulensis,ambiguous,,,,,,,,exact_name,1.00,,,Ambiguous WFO match (2 records).,World Flora Online Plant List,2026-06
accepted,Eucalyptus,M/rtaceae,Eucalyptus tereticomis,Sm.,,,,tereticomis Sm.,unresolved,,,,,,,,,0.00,,,No exact WFO match. Manual review required; no modern name was guessed.,World Flora Online Plant List,2026-06
accepted,Eugenia,Myrtaceae,Eugenia aggregata,(Veil.) Kiaersk.,,,,aggregata (Veil.) Kiaersk.,ambiguous,,,,,,,,exact_name,1.00,,,Ambiguous WFO match (2 records).,World Flora Online Plant List,2026-06
synonym,Eugenia,Myrtaceae,Eugenia aromática,(L.) Baill.,,Syzygium aromaticum,,(aromática (L.) Baill.) = Syzygium aromaticum,ambiguous,,,,,,,,exact_name,1.00,,,Ambiguous WFO match (4 records).,World Flora Online Plant List,2026-06
synonym,Eugenia,Myrtaceae,Eugenia malaccensis,L.,,Syzygium malaccense,,(malaccensis L.) = Syzygium malaccense,ambiguous,,,,,,,,exact_name,1.00,,,Ambiguous WFO match (3 records).,World Flora Online Plant List,2026-06
synonym,Eugenia,Myrtaceae,Eugenia michellii,Lam.,,Eugenia uniflora,,(michellii Lam.) = E. uniflora,unresolved,,,,,,,,,0.00,,,No exact WFO match. Manual review required; no modern name was guessed.,World Flora Online Plant List,2026-06
accepted,Euonymus,Celastraceae,Euonymus alata,(Thunb.) Sieb.,winged euonymus,,,alata (Thunb.) Sieb.--winged euonymus,unresolved,,,,,,,,,0.00,,,No exact WFO match. Manual review required; no modern name was guessed.,World Flora Online Plant List,2026-06
accepted,Euonymus,Celastraceae,Euonymus americana,L.,strawberry-bush,,,americana L.--strawberry-bush,unresolved,,,,,,,,,0.00,,,No exact WFO match. Manual review required; no modern name was guessed.,World Flora Online Plant List,2026-06
accepted,Euonymus,Celastraceae,Euonymus atropurpúrea,Jacq.,"eastern wahoo, wahoo, burning-bush",,,"atropurpúrea Jacq.--eastern wahoo, wahoo, burning-bush",unresolved,,,,,,,,,0.00,,,No exact WFO match. Manual review required; no modern name was guessed.,World Flora Online Plant List,2026-06
accepted,Euonymus,Celastraceae,Euonymus japónica,Thunb.,,,,japónica Thunb.,unresolved,,,,,,,,,0.00,,,No exact WFO match. Manual review required; no modern name was guessed.,World Flora Online Plant List,2026-06
accepted,Eupatorium,Asteraceae,Eupatorium rugosum,Houtt.,white snakeroot,,,rugosum Houtt.--white snakeroot,ambiguous,,,,,,,,exact_name,1.00,,,Ambiguous WFO match (4 records).,World Flora Online Plant List,2026-06
accepted,Eupatorium,Asteraceae,Eupatorium triplinerve,Vahl,,,,triplinerve Vahl,ambiguous,,,,,,,,exact_name,1.00,,,Ambiguous WFO match (2 records).,World Flora Online Plant List,2026-06
accepted,Euphorbia,Euphorbiaceae,Euphorbia lathryis,L.,"caper spurge, mole-plant",,,"lathryis L.--caper spurge, mole-plant",unresolved,,,,,,,,,0.00,,,No exact WFO match. Manual review required; no modern name was guessed.,World Flora Online Plant List,2026-06
accepted,Fabiana,Solanaceae,Fabiana iiribricata,Ruiz § Pavon,pichi-pichi,,,iiribricata Ruiz § Pavon--pichi-pichi,unresolved,,,,,,,,,0.00,,,No exact WFO match. Manual review required; no modern name was guessed.,World Flora Online Plant List,2026-06
accepted,Fagopymm,Polygonaceae,Fagopymm esculentum,Moench,buckwheat--[TN],,TN,esculentum Moench--buckwheat--[TN],unresolved,,,,,,,,,0.00,,,No exact WFO match. Manual review required; no modern name was guessed.,World Flora Online Plant List,2026-06
synonym,Fagopymm,Polygonaceae,Fagopymm sagittatum,Gilib.,,Fagopymm esculentum,,(sagittatum Gilib.) = F. esculentum,unresolved,,,,,,,,,0.00,,,No exact WFO match. Manual review required; no modern name was guessed.,World Flora Online Plant List,2026-06
accepted,Fagopymm,Polygonaceae,Fagopymm tataricum,(L.) Gaertn.,Tartary buckwheat,,,tataricum (L.) Gaertn.--Tartary buckwheat,unresolved,,,,,,,,,0.00,,,No exact WFO match. Manual review required; no modern name was guessed.,World Flora Online Plant List,2026-06
synonym,Fagopymm,Polygonaceae,Fagopymm vulgäre,T. Nées,,Fagopymm esculentum,,(vulgäre T. Nées) = F. esculentum,unresolved,,,,,,,,,0.00,,,No exact WFO match. Manual review required; no modern name was guessed.,World Flora Online Plant List,2026-06
synonym,Fagus,Fagaceae,Fagus ferruginea,Ait.,,Fagus grandifolia,,(ferruginea Ait.) = F. grandifolia,ambiguous,,,,,,,,exact_name,1.00,,,Ambiguous WFO match (3 records).,World Flora Online Plant List,2026-06
accepted,Ferocactus,Cactaceae,Ferocactus wislizenii,(Engelm.) Britt. § Rose,fish-hook cactus,,,wislizenii (Engelm.) Britt. § Rose--fish-hook cactus,unresolved,,,,,,,,,0.00,,,No exact WFO match. Manual review required; no modern name was guessed.,World Flora Online Plant List,2026-06
accepted,Ferula,Apiaceae,Ferula assa-£oetida,L.,asa£etida,,,assa-£oetida L.--asa£etida,unresolved,,,,,,,,,0.00,,,No exact WFO match. Manual review required; no modern name was guessed.,World Flora Online Plant List,2026-06
accepted,Festuca,Poaceae,Festuca arundinacea,Schreb.,tall fescue--[TN],,TN,arundinacea Schreb.--tall fescue--[TN],ambiguous,,,,,,,,exact_name,1.00,,,Ambiguous WFO match (3 records).,World Flora Online Plant List,2026-06
synonym,Festuca,Poaceae,Festuca duriuscula,L.,,Festuca longifolia,,(duriuscula L.) = F. longifolia,ambiguous,,,,,,,,exact_name,1.00,,,Ambiguous WFO match (3 records).,World Flora Online Plant List,2026-06
synonym,Festuca,Poaceae,Festuca elatior,L. nom. ambig.,,"Festuca arundinacea (in part), F. pratensis",,"(elatior L. nom. ambig.) = F. arundinacea (in part), F. pratensis",ambiguous,,,,,,,,exact_name,1.00,,,Ambiguous WFO match (2 records).,World Flora Online Plant List,2026-06
synonym,Festuca,Poaceae,Festuca in,part,,,,(in part),unresolved,,,,,,,,,0.00,,,No exact WFO match. Manual review required; no modern name was guessed.,World Flora Online Plant List,2026-06
synonym,Festuca,Poaceae,Festuca elatior,sens. Hitchcock 1951,,Festuca pratensis,,(elatior sens. Hitchcock 1951) = F. pratensis,ambiguous,,,,,,,,exact_name,1.00,,,Ambiguous WFO match (2 records).,World Flora Online Plant List,2026-06
synonym,Festuca,Poaceae,Festuca ovina var. duriuscula,(L.) Koch,,Festuca longifolia,,(ovina var. duriuscula (L.) Koch) = F. longifolia,ambiguous,,,,,,,,exact_name,1.00,,,Ambiguous WFO match (2 records).,World Flora Online Plant List,2026-06
accepted,Festuca,Poaceae,Festuca pratensis,Huds.,meadow fescue--[TN],,TN,pratensis Huds.--meadow fescue--[TN],ambiguous,,,,,,,,exact_name,1.00,,,Ambiguous WFO match (3 records).,World Flora Online Plant List,2026-06
accepted,Festuca,Poaceae,Festuca tenuifolia,Sibth.,"hair fescue, slender f.",,,"tenuifolia Sibth.--hair fescue, slender f.",ambiguous,,,,,,,,exact_name,1.00,,,Ambiguous WFO match (2 records).,World Flora Online Plant List,2026-06
accepted,Flourensia,Asteraceae,Flourensia cemua,DC.,"tarbush, varnish-bush",,,"cemua DC.--tarbush, varnish-bush",unresolved,,,,,,,,,0.00,,,No exact WFO match. Manual review required; no modern name was guessed.,World Flora Online Plant List,2026-06
accepted,Fortunella,Rutaceae,Fortunella crassi£olia,Swingle,meiwa kumquat,,,crassi£olia Swingle--meiwa kumquat,unresolved,,,,,,,,,0.00,,,No exact WFO match. Manual review required; no modern name was guessed.,World Flora Online Plant List,2026-06
accepted,Fragaria,Rosaceae,Fragaria X,ananassa Duch.,(F. chiloensis X F. virgtniana)--garden strawberry,,,X ananassa Duch.--(F. chiloensis X F. virgtniana)--garden strawberry,unresolved,,,,,,,,,0.00,,,No exact WFO match. Manual review required; no modern name was guessed.,World Flora Online Plant List,2026-06
synonym,Franseria,Asteraceae,Franseria tomentosa,A. Gray,,Ambrosia grayi,,(tomentosa A. Gray) = Ambrosia grayi,ambiguous,,,,,,,,exact_name,1.00,,,Ambiguous WFO match (2 records).,World Flora Online Plant List,2026-06
accepted,Fraxinus,Oleaceae,Fraxinus omus,L.,"flowering ash, manna a.",,,"omus L.--flowering ash, manna a.",unresolved,,,,,,,,,0.00,,,No exact WFO match. Manual review required; no modern name was guessed.,World Flora Online Plant List,2026-06
accepted,Galega,Fabaceae,Galega officijialis,L.,"goat^s-rue, galega",,,"officijialis L.--goat^s-rue, galega",unresolved,,,,,,,,,0.00,,,No exact WFO match. Manual review required; no modern name was guessed.,World Flora Online Plant List,2026-06
accepted,Galium,Rubiaceae,Galium boréale,L.,northern bedstraw,,,boréale L.--northern bedstraw,ambiguous,,,,,,,,exact_name,1.00,,,Ambiguous WFO match (2 records).,World Flora Online Plant List,2026-06
synonym,Garcinia,Clusiaceae,Garcinia tinctoria,(DC.) W. F. Wight,,Garcinia xanthochymus,,(tinctoria (DC.) W. F. Wight) = G. xanthochymus,ambiguous,,,,,,,,exact_name,1.00,,,Ambiguous WFO match (2 records).,World Flora Online Plant List,2026-06
accepted,Genista,Fabaceae,Genista t,inctoria L.,dyer's-greenweed,,,t inctoria L.--dyer's-greenweed,unresolved,,,,,,,,,0.00,,,No exact WFO match. Manual review required; no modern name was guessed.,World Flora Online Plant List,2026-06
synonym,Glycine,Fabaceae,Glycine javanica,auct. non L.,,Glycine wightii,,(javanica auct. non L.) = G. wightii,ambiguous,,,,,,,,exact_name,1.00,,,Ambiguous WFO match (3 records).,World Flora Online Plant List,2026-06
synonym,Glycine,Fabaceae,Glycine javanica,L.,,Pueraria montana,,(javanica L.) = Pueraria montana,ambiguous,,,,,,,,exact_name,1.00,,,Ambiguous WFO match (3 records).,World Flora Online Plant List,2026-06
synonym,Glycine,Fabaceae,Glycine tomentosa,(Benth.) Benth.,,Glycine tomentella,,(tomentosa (Benth.) Benth.) = G. tomentella,ambiguous,,,,,,,,exact_name,1.00,,,Ambiguous WFO match (2 records).,World Flora Online Plant List,2026-06
accepted,Gnaphalium,Asteraceae,Gnaphalium obtusifolium,L.,fragrant cudweed,,,obtusifolium L.--fragrant cudweed,ambiguous,,,,,,,,exact_name,1.00,,,Ambiguous WFO match (2 records).,World Flora Online Plant List,2026-06
accepted,Gossypium,Malvaceae,Gossypium staple,c.,,,,staple c.,unresolved,,,,,,,,,0.00,,,No exact WFO match. Manual review required; no modern name was guessed.,World Flora Online Plant List,2026-06
synonym,Gossypium,Malvaceae,Gossypium obtusifolium,Roxb.,,Gossypium herbaceum,,(obtusifolium Roxb.) = G. herbaceum,ambiguous,,,,,,,,exact_name,1.00,,,Ambiguous WFO match (2 records).,World Flora Online Plant List,2026-06
synonym,Gossypium,Malvaceae,Gossypium vitifolium,Lam.,,Gossypium barbadense,,(vitifolium Lam.) = G. barbadense,ambiguous,,,,,,,,exact_name,1.00,,,Ambiguous WFO match (2 records).,World Flora Online Plant List,2026-06
synonym,GuilleIma,Arecaceae,GuilleIma gasipaes,(H.B.K.) Bailey,,Bactris gasipaes,,(gasipaes (H.B.K.) Bailey) = Bactris gasipaes,unresolved,,,,,,,,,0.00,,,No exact WFO match. Manual review required; no modern name was guessed.,World Flora Online Plant List,2026-06
synonym,GuilleIma,Arecaceae,GuilleIma speciosa,Mart.,,Bactris gasipaé's,,(speciosa Mart.) = Bactris gasipaé's,unresolved,,,,,,,,,0.00,,,No exact WFO match. Manual review required; no modern name was guessed.,World Flora Online Plant List,2026-06
accepted,Gundelia,Asteraceae,Gundelia toumefortii,L.,,,,toumefortii L.,unresolved,,,,,,,,,0.00,,,No exact WFO match. Manual review required; no modern name was guessed.,World Flora Online Plant List,2026-06
accepted,Hancomia,Apocynaceae,Hancomia speciosa,Gomes,mangabeira,,,speciosa Gomes--mangabeira,unresolved,,,,,,,,,0.00,,,No exact WFO match. Manual review required; no modern name was guessed.,World Flora Online Plant List,2026-06
accepted,Haplopappus,Asteraceae,Haplopappus spinulosus,(Pursh) DC.,,,,spinulosus (Pursh) DC.,ambiguous,,,,,,,,exact_name,1.00,,,Ambiguous WFO match (5 records).,World Flora Online Plant List,2026-06
accepted,Ifedera,Araliaceae,Ifedera helix,L.,English ivy,,,helix L.--English ivy,unresolved,,,,,,,,,0.00,,,No exact WFO match. Manual review required; no modern name was guessed.,World Flora Online Plant List,2026-06
synonym,Hedysarum,Fabaceae,Hedysarum onobrychis,!•,,Onobrychis viciifolia,,(onobrychis !•) = Onobrychis viciifolia,ambiguous,,,,,,,,exact_name,1.00,,,Ambiguous WFO match (3 records).,World Flora Online Plant List,2026-06
accepted,Helianthus,Asteraceae,Helianthus decapetalus,L.,,,,decapetalus L.,ambiguous,,,,,,,,exact_name,1.00,,,Ambiguous WFO match (2 records).,World Flora Online Plant List,2026-06
accepted,Ffeliotropium,Boraginaceae,Ffeliotropium curassavicum,"L,",seaside heliotrope,,,"curassavicum L,--seaside heliotrope",unresolved,,,,,,,,,0.00,,,No exact WFO match. Manual review required; no modern name was guessed.,World Flora Online Plant List,2026-06
accepted,Ffeliotropium,Boraginaceae,Ffeliotropium indicum,L.,"Indian heliotrope, turnsole, alacransillo",,,"indicum L.--Indian heliotrope, turnsole, alacransillo",unresolved,,,,,,,,,0.00,,,No exact WFO match. Manual review required; no modern name was guessed.,World Flora Online Plant List,2026-06
accepted,Ffeliotropium,Boraginaceae,Ffeliotropium peruvianum,L.,,,,peruvianum L.,unresolved,,,,,,,,,0.00,,,No exact WFO match. Manual review required; no modern name was guessed.,World Flora Online Plant List,2026-06
accepted,Hemiaria,Caryophyllaceae,Hemiaria glabra,L.,rupturewort,,,glabra L.--rupturewort,unresolved,,,,,,,,,0.00,,,No exact WFO match. Manual review required; no modern name was guessed.,World Flora Online Plant List,2026-06
synonym,Hibiscus,Malvaceae,Hibiscus manihot,L.,,Abelmoschus manihot,,(manihot L.) = Abelmoschus manihot,ambiguous,,,,,,,,exact_name,1.00,,,Ambiguous WFO match (2 records).,World Flora Online Plant List,2026-06
accepted,Hieracium,Asteraceae,Hieracium floribundum,Wimm. § Grab.,yellow devil hawkweed,,,floribundum Wimm. § Grab.--yellow devil hawkweed,ambiguous,,,,,,,,exact_name,1.00,,,Ambiguous WFO match (2 records).,World Flora Online Plant List,2026-06
accepted,Hieracium,Asteraceae,Hieracium vulgatum,Fries,common hawkweed,,,vulgatum Fries--common hawkweed,ambiguous,,,,,,,,exact_name,1.00,,,Ambiguous WFO match (2 records).,World Flora Online Plant List,2026-06
synonym,Honckenya,Tiliaceae,Honckenya H.,ficifolia Willd.,,Clappertonia ficifolia,,(H. ficifolia Willd.) = Clappertonia ficifolia,unresolved,,,,,,,,,0.00,,,No exact WFO match. Manual review required; no modern name was guessed.,World Flora Online Plant List,2026-06
synonym,Hordeum,Poaceae,Hordeum sativum,Pers.,,Hordeum vulgäre,,(sativum Pers.) = H. vulgäre,ambiguous,,,,,,,,exact_name,1.00,,,Ambiguous WFO match (2 records).,World Flora Online Plant List,2026-06
accepted,Hordeum,Poaceae,Hordeum spentaneum,K. Koch,,,,spentaneum K. Koch,unresolved,,,,,,,,,0.00,,,No exact WFO match. Manual review required; no modern name was guessed.,World Flora Online Plant List,2026-06
accepted,Howea,Arecaceae,Howea forsterana,(C. Moore ^ F. v. Muell.) Becc.,sentry palm,,,forsterana (C. Moore ^ F. v. Muell.) Becc.--sentry palm,unresolved,,,,,,,,,0.00,,,No exact WFO match. Manual review required; no modern name was guessed.,World Flora Online Plant List,2026-06
accepted,Huraulus,Moraceae,Huraulus lupulus,L.,hops,,,lupulus L.--hops,unresolved,,,,,,,,,0.00,,,No exact WFO match. Manual review required; no modern name was guessed.,World Flora Online Plant List,2026-06
accepted,Hydnocarpus,Flacourtiaceae,Hydnocarpus anthelmintica,Pierre ex Laness.,,,,anthelmintica Pierre ex Laness.,unresolved,,,,,,,,,0.00,,,No exact WFO match. Manual review required; no modern name was guessed.,World Flora Online Plant List,2026-06
accepted,Hydnocarpus,Flacourtiaceae,Hydnocarpus laurifolia,(Dennst.) Sleum.,,,,laurifolia (Dennst.) Sleum.,unresolved,,,,,,,,,0.00,,,No exact WFO match. Manual review required; no modern name was guessed.,World Flora Online Plant List,2026-06
synonym,Hydnocarpus,Flacourtiaceae,Hydnocarpus wightiana,Bl.,,Hydnocarpus laurifolia,,(wightiana Bl.) = H. laurifolia,unresolved,,,,,,,,,0.00,,,No exact WFO match. Manual review required; no modern name was guessed.,World Flora Online Plant List,2026-06
accepted,Hydrocotyle,Apiaceae,Hydrocotyle umbel,lata L.,water pennywort,,,umbel lata L.--water pennywort,unresolved,,,,,,,,,0.00,,,No exact WFO match. Manual review required; no modern name was guessed.,World Flora Online Plant List,2026-06
accepted,Hypochoeris,Asteraceae,Hypochoeris glabra,L.,smooth cat's-ear,,,glabra L.--smooth cat's-ear,unresolved,,,,,,,,,0.00,,,No exact WFO match. Manual review required; no modern name was guessed.,World Flora Online Plant List,2026-06
accepted,Hypochoeris,Asteraceae,Hypochoeris radicata,L.,"spotted cat's-ear, flatweed",,,"radicata L.--spotted cat's-ear, flatweed",unresolved,,,,,,,,,0.00,,,No exact WFO match. Manual review required; no modern name was guessed.,World Flora Online Plant List,2026-06
accepted,Ilex,Aquifoliaceae,Ilex comuta,Lindl. § Paxt.,Chinese holly,,,comuta Lindl. § Paxt.--Chinese holly,unresolved,,,,,,,,,0.00,,,No exact WFO match. Manual review required; no modern name was guessed.,World Flora Online Plant List,2026-06
synonym,Indigofera,Fabaceae,Indigofera endecaphylla,Lam.,,Indigofera spicata,,(endecaphylla Lam.) = I. spicata,ambiguous,,,,,,,,exact_name,1.00,,,Ambiguous WFO match (3 records).,World Flora Online Plant List,2026-06
accepted,Inga,Fabaceae,Inga ínula,(Asteraceae),,,,ínula (Asteraceae),unresolved,,,,,,,,,0.00,,,No exact WFO match. Manual review required; no modern name was guessed.,World Flora Online Plant List,2026-06
accepted,Inga,Fabaceae,Inga helenium,L.,elecampane,,,helenium L.--elecampane,unresolved,,,,,,,,,0.00,,,No exact WFO match. Manual review required; no modern name was guessed.,World Flora Online Plant List,2026-06
accepted,Iris,Iridaceae,Iris X,germánica L. var. florentina (L.) Dykes,orris,,,X germánica L. var. florentina (L.) Dykes--orris,unresolved,,,,,,,,,0.00,,,No exact WFO match. Manual review required; no modern name was guessed.,World Flora Online Plant List,2026-06
accepted,Iva,Asteraceae,Iva xanthifolia,Nutt.,marsh-elder,,,xanthifolia Nutt.--marsh-elder,unresolved,,,,,,,,,0.00,,,No exact WFO match. Manual review required; no modern name was guessed.,World Flora Online Plant List,2026-06
synonym,Jatropha,Euphorbiaceae,Jatropha manihot,L.,,í^anihot escalenta,,(manihot L.) = í^anihot escalenta,ambiguous,,,,,,,,exact_name,1.00,,,Ambiguous WFO match (2 records).,World Flora Online Plant List,2026-06
accepted,Juglans,Juglandaceae,Juglans califomica,S. Wats.,California walnut,,,califomica S. Wats.--California walnut,unresolved,,,,,,,,,0.00,,,No exact WFO match. Manual review required; no modern name was guessed.,World Flora Online Plant List,2026-06
synonym,Juglans,Juglandaceae,Juglans califomica var. hindsii,Jeps.,,Juglans hindsii,,(califomica var. hindsii Jeps.) = J. hindsii,unresolved,,,,,,,,,0.00,,,No exact WFO match. Manual review required; no modern name was guessed.,World Flora Online Plant List,2026-06
accepted,Justicia,Acanthaceae,Justicia KaeiTÇ)£eria,(Zingiberaceae),,,,KaeiTÇ)£eria (Zingiberaceae),unresolved,,,,,,,,,0.00,,,No exact WFO match. Manual review required; no modern name was guessed.,World Flora Online Plant List,2026-06
accepted,Justicia,Acanthaceae,Justicia galanga,L.,galanga,,,galanga L.--galanga,unresolved,,,,,,,,,0.00,,,No exact WFO match. Manual review required; no modern name was guessed.,World Flora Online Plant List,2026-06
accepted,Justicia,Acanthaceae,Justicia rotunda,L.,,,,rotunda L.,unresolved,,,,,,,,,0.00,,,No exact WFO match. Manual review required; no modern name was guessed.,World Flora Online Plant List,2026-06
synonym,Kyllinga,Cyperaceae,Kyllinga brevifolia,Rottb.,,Cyperus brevifolius,,(brevifolia Rottb.) = Cyperus brevifolius,ambiguous,,,,,,,,exact_name,1.00,,,Ambiguous WFO match (4 records).,World Flora Online Plant List,2026-06
accepted,Lagetta,Tliymelaeaceae,lagetta Sw.,,"lacebark, lagetto",,,"lagetta (Sw.) Nash--lacebark, lagetto",unresolved,,,,,,,,,0.00,,,No exact WFO match. Manual review required; no modern name was guessed.,World Flora Online Plant List,2026-06
accepted,Laniium,Lamiaceae,Laniium album,L.,white deadnettle,,,album L.--white deadnettle,unresolved,,,,,,,,,0.00,,,No exact WFO match. Manual review required; no modern name was guessed.,World Flora Online Plant List,2026-06
accepted,Laniium,Lamiaceae,Laniium amplexicaule,L.,henbit,,,amplexicaule L.--henbit,unresolved,,,,,,,,,0.00,,,No exact WFO match. Manual review required; no modern name was guessed.,World Flora Online Plant List,2026-06
accepted,Laniium,Lamiaceae,Laniium maculatum,L.,spotted deadnettle,,,maculatum L.--spotted deadnettle,unresolved,,,,,,,,,0.00,,,No exact WFO match. Manual review required; no modern name was guessed.,World Flora Online Plant List,2026-06
accepted,Laniium,Lamiaceae,Laniium purpureum,L.,"purple deadnettle, red d.",,,"purpureum L.--purple deadnettle, red d.",unresolved,,,,,,,,,0.00,,,No exact WFO match. Manual review required; no modern name was guessed.,World Flora Online Plant List,2026-06
synonym,Languas,Zingiberaceae,Languas officinarum,(Hance) Farw.,,Alpinia officinarum,,(officinarum (Hance) Farw.) = Alpinia officinarum,ambiguous,,,,,,,,exact_name,1.00,,,Ambiguous WFO match (2 records).,World Flora Online Plant List,2026-06
accepted,Lappula,Boraginaceae,Lappula echinata,"Gilib.-«European sticktight, stickseed",,,,"echinata Gilib.-«European sticktight, stickseed",ambiguous,,,,,,,,exact_name,1.00,,,Ambiguous WFO match (2 records).,World Flora Online Plant List,2026-06
accepted,Lasiurus,Poaceae,Lasiurus sindicus,Henr.,,,,sindicus Henr.,unresolved,,,,,,,,,0.00,,,No exact WFO match. Manual review required; no modern name was guessed.,World Flora Online Plant List,2026-06
synonym,Laurus,Lauraceae,Laurus caiTÇ)hora,L.,,Cinnamomum cainphora,,(caiTÇ)hora L.) = Cinnamomum cainphora,unresolved,,,,,,,,,0.00,,,No exact WFO match. Manual review required; no modern name was guessed.,World Flora Online Plant List,2026-06
synonym,Lens,Fabaceae,Lens escalenta,Moench,,Lens culinaris,,(escalenta Moench) = L. culinaris,unresolved,,,,,,,,,0.00,,,No exact WFO match. Manual review required; no modern name was guessed.,World Flora Online Plant List,2026-06
accepted,Leonuros,Lamiaceae,Leonuros cardiaca,L.,inotherwort,,,cardiaca L.--inotherwort,unresolved,,,,,,,,,0.00,,,No exact WFO match. Manual review required; no modern name was guessed.,World Flora Online Plant List,2026-06
accepted,Leptocoryphium,Poaceae,Leptocoryphium lanatus,(H.B.K.) Nees,,,,lanatus (H.B.K.) Nees,unresolved,,,,,,,,,0.00,,,No exact WFO match. Manual review required; no modern name was guessed.,World Flora Online Plant List,2026-06
accepted,Lespedeza,Fabaceae,Lespedeza intennedia,(S. Wats.) Britt.,,,,intennedia (S. Wats.) Britt.,unresolved,,,,,,,,,0.00,,,No exact WFO match. Manual review required; no modern name was guessed.,World Flora Online Plant List,2026-06
synonym,Lespedeza,Fabaceae,Lespedeza sericea,(Thunb.) Miq.,,Lespedeza cuneata,,(sericea (Thunb.) Miq.) = L. cuneata,ambiguous,,,,,,,,exact_name,1.00,,,Ambiguous WFO match (2 records).,World Flora Online Plant List,2026-06
accepted,Lespedeza,Fabaceae,Lespedeza striata,(Thunb. ex Murr.) Hook. § Am.,"common lespedeza, striate 1.,",,,"striata (Thunb. ex Murr.) Hook. § Am.--common lespedeza, striate 1.,",ambiguous,,,,,,,,exact_name,1.00,,,Ambiguous WFO match (2 records).,World Flora Online Plant List,2026-06
accepted,Lespedeza,Fabaceae,Lespedeza Japanese,1.,,,,Japanese 1.,unresolved,,,,,,,,,0.00,,,No exact WFO match. Manual review required; no modern name was guessed.,World Flora Online Plant List,2026-06
accepted,Ligustrum,Oleaceae,Ligustrum amurense,Carr.,Ainur privet,,,amurense Carr.--Ainur privet,ambiguous,,,,,,,,exact_name,1.00,,,Ambiguous WFO match (2 records).,World Flora Online Plant List,2026-06
accepted,Limnanthes,Limnanthaceae,Limnanthes baker,i J. T. Howell,meadow£oam,,,baker i J. T. Howell--meadow£oam,unresolved,,,,,,,,,0.00,,,No exact WFO match. Manual review required; no modern name was guessed.,World Flora Online Plant List,2026-06
accepted,Linaria,Scrophulariaceae,Linaria canadensis,(L.) Dumont,old£ield toadflax,,,canadensis (L.) Dumont--old£ield toadflax,ambiguous,,,,,,,,exact_name,1.00,,,Ambiguous WFO match (2 records).,World Flora Online Plant List,2026-06
accepted,Linaria,Scrophulariaceae,Linaria Dalmatian,toadflax,,,,Dalmatian toadflax,unresolved,,,,,,,,,0.00,,,No exact WFO match. Manual review required; no modern name was guessed.,World Flora Online Plant List,2026-06
synonym,Lippia,Verbenaceae,Lippia citriodora,(Ort.) Pers.,,Aloysia triphylla,,(citriodora (Ort.) Pers.) = Aloysia triphylla,unresolved,,,,,,,,,0.00,,,No exact WFO match. Manual review required; no modern name was guessed.,World Flora Online Plant List,2026-06
synonym,Lippia,Verbenaceae,Lippia nodiflora,(L.) Michx.,,Phyla nodiflora,,(nodiflora (L.) Michx.) = Phyla nodiflora,ambiguous,,,,,,,,exact_name,1.00,,,Ambiguous WFO match (2 records).,World Flora Online Plant List,2026-06
accepted,Lithospermum,Boraginaceae,Lithospermum arvense,L.,com groimvell,,,arvense L.--com groimvell,ambiguous,,,,,,,,exact_name,1.00,,,Ambiguous WFO match (3 records).,World Flora Online Plant List,2026-06
synonym,Lochnera,Apocynaceae,Lochnera rosea,(L.) Reichenb.,,Catharanthus roseus,,(rosea (L.) Reichenb.) = Catharanthus roseus,ambiguous,,,,,,,,exact_name,1.00,,,Ambiguous WFO match (2 records).,World Flora Online Plant List,2026-06
accepted,Lonchocarpus,Fabaceae,Lonchocarpus cyanekcens,(Schum. ^ Thonn.) Benth.,,,,cyanekcens (Schum. ^ Thonn.) Benth.,unresolved,,,,,,,,,0.00,,,No exact WFO match. Manual review required; no modern name was guessed.,World Flora Online Plant List,2026-06
accepted,Lotus,Fabaceae,Lotus comiculatus,L.,birds£oot trefoil,,,comiculatus L.--birds£oot trefoil,unresolved,,,,,,,,,0.00,,,No exact WFO match. Manual review required; no modern name was guessed.,World Flora Online Plant List,2026-06
accepted,Lotus,Fabaceae,Lotus uliginosus,Schkuhr,,,,uliginosus Schkuhr,ambiguous,,,,,,,,exact_name,1.00,,,Ambiguous WFO match (2 records).,World Flora Online Plant List,2026-06
accepted,Ludwigia,Qnagraceae,Ludwigia Lu££a,(Cucurbitaceae),,,TN,Lu££a (Cucurbitaceae) [TN],unresolved,,,,,,,,,0.00,,,No exact WFO match. Manual review required; no modern name was guessed.,World Flora Online Plant List,2026-06
accepted,Ludwigia,Qnagraceae,Ludwigia acutangula,(L.) Roxb.,"angled luffa, singkwa towelgourd",,,"acutangula (L.) Roxb.--angled luffa, singkwa towelgourd",unresolved,,,,,,,,,0.00,,,No exact WFO match. Manual review required; no modern name was guessed.,World Flora Online Plant List,2026-06
accepted,Ludwigia,Qnagraceae,Ludwigia aegyptiaca,Mill.,"luffa, loofah, vegetable sponge, smooth loofah",,,"aegyptiaca Mill.--luffa, loofah, vegetable sponge, smooth loofah",unresolved,,,,,,,,,0.00,,,No exact WFO match. Manual review required; no modern name was guessed.,World Flora Online Plant List,2026-06
accepted,Ludwigia,Qnagraceae,Ludwigia operculata,(L.) Cogn.,,,,operculata (L.) Cogn.,unresolved,,,,,,,,,0.00,,,No exact WFO match. Manual review required; no modern name was guessed.,World Flora Online Plant List,2026-06
accepted,Lycopersicon,Solanaceae,Lycopersicon cheesmanii,Riley,,,,cheesmanii Riley,unresolved,,,,,,,,,0.00,,,No exact WFO match. Manual review required; no modern name was guessed.,World Flora Online Plant List,2026-06
accepted,Lycopersicon,Solanaceae,Lycopersicon esculentum var. cerasiforme,(Dunal) A. Gray,cherry tomato,,,esculentum var. cerasiforme (Dunal) A. Gray--cherry tomato,ambiguous,,,,,,,,exact_name,1.00,,,Ambiguous WFO match (3 records).,World Flora Online Plant List,2026-06
synonym,Lycopersicon,Solanaceae,Lycopersicon esculentum var. grandifolium,Bailey,,Lycopersicon esculentum,,(esculentum var. grandifolium Bailey) = L. esculentum,ambiguous,,,,,,,,exact_name,1.00,,,Ambiguous WFO match (2 records).,World Flora Online Plant List,2026-06
synonym,Lycopersicon,Solanaceae,Lycopersicon esculentum var. pyriforme,(Dunal) Alef.,,Lycopersicon esculentum f. pyriforme,,(esculentum var. pyriforme (Dunal) Alef.) = L. esculentum f. pyriforme,ambiguous,,,,,,,,exact_name,1.00,,,Ambiguous WFO match (3 records).,World Flora Online Plant List,2026-06
synonym,Lycopersicon,Solanaceae,Lycopersicon esculentum var. validum,Bailey,,Lycopersicon esculentum,,(esculentum var. validum Bailey) = L. esculentum,ambiguous,,,,,,,,exact_name,1.00,,,Ambiguous WFO match (2 records).,World Flora Online Plant List,2026-06
accepted,Lycopersicon,Solanaceae,Lycopersicon hirsutum,Humb. § Bonpl.,,,,hirsutum Humb. § Bonpl.,ambiguous,,,,,,,,exact_name,1.00,,,Ambiguous WFO match (3 records).,World Flora Online Plant List,2026-06
synonym,Lycopersicon,Solanaceae,Lycopersicon lycopersicum,(L.) Farw.,,Lycopersicon esculentum,,(lycopersicum (L.) Farw.) = L. esculentum,ambiguous,,,,,,,,exact_name,1.00,,,Ambiguous WFO match (2 records).,World Flora Online Plant List,2026-06
accepted,Madura,Moraceae,Madura pomífera,(Raf.) Schneid.,osage-orange,,,pomífera (Raf.) Schneid.--osage-orange,unresolved,,,,,,,,,0.00,,,No exact WFO match. Manual review required; no modern name was guessed.,World Flora Online Plant List,2026-06
accepted,Magnolia,Magnoliaceae,Magnolia X,soulangiana Soul.,,,,X soulangiana Soul.,unresolved,,,,,,,,,0.00,,,No exact WFO match. Manual review required; no modern name was guessed.,World Flora Online Plant List,2026-06
accepted,Malus,Rosaceae,Malus apple,),,,,apple),unresolved,,,,,,,,,0.00,,,No exact WFO match. Manual review required; no modern name was guessed.,World Flora Online Plant List,2026-06
synonym,Malus,Rosaceae,Malus pumila,Mill.,,Malus sylvestris,,(pumila Mill.) = M. sylvestris,ambiguous,,,,,,,,exact_name,1.00,,,Ambiguous WFO match (4 records).,World Flora Online Plant List,2026-06
accepted,Malus,Rosaceae,Malus X,soulardii (Bailey) Britt.,(M. ioensis X M. sylvestris)--Soulard,,,X soulardii (Bailey) Britt.--(M. ioensis X M. sylvestris)--Soulard,unresolved,,,,,,,,,0.00,,,No exact WFO match. Manual review required; no modern name was guessed.,World Flora Online Plant List,2026-06
accepted,Malus,Rosaceae,Malus crabapple,,,,,crabapple,unresolved,,,,,,,,,0.00,,,No exact WFO match. Manual review required; no modern name was guessed.,World Flora Online Plant List,2026-06
accepted,Malus,Rosaceae,Malus apple,,"[NC], [TN]",,NC;TN,"apple--[NC], [TN]",unresolved,,,,,,,,,0.00,,,No exact WFO match. Manual review required; no modern name was guessed.,World Flora Online Plant List,2026-06
accepted,Mammea,Clusiaceae,Mammea î^andragora,(Solanaceae),,,TN,î^andragora (Solanaceae) [TN],unresolved,,,,,,,,,0.00,,,No exact WFO match. Manual review required; no modern name was guessed.,World Flora Online Plant List,2026-06
accepted,Mammea,Clusiaceae,Mammea autumnalis,Bertol.,mandrake,,,autumnalis Bertol.--mandrake,unresolved,,,,,,,,,0.00,,,No exact WFO match. Manual review required; no modern name was guessed.,World Flora Online Plant List,2026-06
accepted,Mammea,Clusiaceae,Mammea officinarum,L.,mandrake,,,officinarum L.--mandrake,unresolved,,,,,,,,,0.00,,,No exact WFO match. Manual review required; no modern name was guessed.,World Flora Online Plant List,2026-06
accepted,Mammea,Clusiaceae,Mammea vemalis,Bertol.,mandrake,,,vemalis Bertol.--mandrake,unresolved,,,,,,,,,0.00,,,No exact WFO match. Manual review required; no modern name was guessed.,World Flora Online Plant List,2026-06
synonym,Manihot,Euphorbiaceae,Manihot dulcis,(J. F. Qnel.) Pax,,Manihot esculenta,,(dulcis (J. F. Qnel.) Pax) = M. esculenta,ambiguous,,,,,,,,exact_name,1.00,,,Ambiguous WFO match (2 records).,World Flora Online Plant List,2026-06
synonym,Manihot,continued,Manihot piauhyensis,Ule,,Manihot caerulescens subsp. caerulescens,,(piauhyensis Ule) = M. caerulescens subsp. caerulescens,ambiguous,,,,,,,,exact_name,1.00,,,Ambiguous WFO match (2 records).,World Flora Online Plant List,2026-06
accepted,Matricaria,Asteraceae,Matricaria inodora,L.,scentless mayweed,,,inodora L.--scentless mayweed,ambiguous,,,,,,,,exact_name,1.00,,,Ambiguous WFO match (2 records).,World Flora Online Plant List,2026-06
synonym,Medicago,Fabaceae,Medicago denticulata,Willd.,,Medicago polymorpha,,(denticulata Willd.) = M. polymorpha,ambiguous,,,,,,,,exact_name,1.00,,,Ambiguous WFO match (2 records).,World Flora Online Plant List,2026-06
synonym,Medicago,Fabaceae,Medicago maculata,Sibth.,,Medicago arabica,,(maculata Sibth.) = M. arabica,ambiguous,,,,,,,,exact_name,1.00,,,Ambiguous WFO match (3 records).,World Flora Online Plant List,2026-06
synonym,Medicago,Fabaceae,Medicago polycarpa,Willd.,,Medicago polymorpha,,(polycarpa Willd.) = M. polymorpha,ambiguous,,,,,,,,exact_name,1.00,,,Ambiguous WFO match (2 records).,World Flora Online Plant List,2026-06
accepted,Medicago,Fabaceae,Medicago sativa subsp. varia,(Martyn) Are.,,,,sativa subsp. varia (Martyn) Are.,ambiguous,,,,,,,,exact_name,1.00,,,Ambiguous WFO match (2 records).,World Flora Online Plant List,2026-06
synonym,Medicago,Fabaceae,Medicago X,varia Martyn,,Medicago sativa subsp. varia,,(X varia Martyn) = M. sativa subsp. varia,unresolved,,,,,,,,,0.00,,,No exact WFO match. Manual review required; no modern name was guessed.,World Flora Online Plant List,2026-06
accepted,Melaleuca,Myrtaceae,Melaleuca leucadendron,(L.) L.,cajeput,,,leucadendron (L.) L.--cajeput,unresolved,,,,,,,,,0.00,,,No exact WFO match. Manual review required; no modern name was guessed.,World Flora Online Plant List,2026-06
accepted,Melicoccus,Sapindaceae,Melicoccus b,ij ugatus Jacq•,Spanish 1ime,,,b ij ugatus Jacq•--Spanish 1ime,unresolved,,,,,,,,,0.00,,,No exact WFO match. Manual review required; no modern name was guessed.,World Flora Online Plant List,2026-06
accepted,Nfelilotus,Fabaceae,Nfelilotus alba,Medik.,víiite sweetclover--[TN],,TN,alba Medik.--víiite sweetclover--[TN],unresolved,,,,,,,,,0.00,,,No exact WFO match. Manual review required; no modern name was guessed.,World Flora Online Plant List,2026-06
accepted,Nfelilotus,Fabaceae,Nfelilotus altissima,Thuill.,tall yellow sweetclover,,,altissima Thuill.--tall yellow sweetclover,unresolved,,,,,,,,,0.00,,,No exact WFO match. Manual review required; no modern name was guessed.,World Flora Online Plant List,2026-06
accepted,Nfelilotus,Fabaceae,Nfelilotus indica,(L.) All.,"sourclover, Indian sweetclover, annual yellow sweetclover",,,"indica (L.) All.--sourclover, Indian sweetclover, annual yellow sweetclover",unresolved,,,,,,,,,0.00,,,No exact WFO match. Manual review required; no modern name was guessed.,World Flora Online Plant List,2026-06
accepted,Nfelilotus,Fabaceae,Nfelilotus officinalis,Lam.,"yellow sweetclover--[NC], [TN]",,NC;TN,"officinalis Lam.--yellow sweetclover--[NC], [TN]",unresolved,,,,,,,,,0.00,,,No exact WFO match. Manual review required; no modern name was guessed.,World Flora Online Plant List,2026-06
accepted,Nfelilotus,Fabaceae,Nfelilotus segetalis,(Brot.) Ser.,,,,segetalis (Brot.) Ser.,unresolved,,,,,,,,,0.00,,,No exact WFO match. Manual review required; no modern name was guessed.,World Flora Online Plant List,2026-06
accepted,Nfelilotus,Fabaceae,Nfelilotus suaveolens,Ledeb.,,,,suaveolens Ledeb.,unresolved,,,,,,,,,0.00,,,No exact WFO match. Manual review required; no modern name was guessed.,World Flora Online Plant List,2026-06
accepted,Mentha,continued,Mentha X,gentilis L.,"(M. arvensis X M. spicata)--red mint, Scotch spearmint",,,"X gentilis L.--(M. arvensis X M. spicata)--red mint, Scotch spearmint",unresolved,,,,,,,,,0.00,,,No exact WFO match. Manual review required; no modern name was guessed.,World Flora Online Plant List,2026-06
accepted,Mentha,continued,Mentha X,piperita L.,(M. aquatica X M. spicata)--peppermint,,,X piperita L.--(M. aquatica X M. spicata)--peppermint,unresolved,,,,,,,,,0.00,,,No exact WFO match. Manual review required; no modern name was guessed.,World Flora Online Plant List,2026-06
accepted,Mentha,continued,Mentha X,piperita var. citrata (Ehrh.) Briq.,lemon mint,,,X piperita var. citrata (Ehrh.) Briq.--lemon mint,unresolved,,,,,,,,,0.00,,,No exact WFO match. Manual review required; no modern name was guessed.,World Flora Online Plant List,2026-06
accepted,Metasequoia,Taxodiaceae,Metasequoia Metroxylon,,,,,Metroxylon,unresolved,,,,,,,,,0.00,,,No exact WFO match. Manual review required; no modern name was guessed.,World Flora Online Plant List,2026-06
accepted,Metasequoia,Taxodiaceae,Metasequoia roxylon,(Arecaceae),,,,roxylon (Arecaceae),unresolved,,,,,,,,,0.00,,,No exact WFO match. Manual review required; no modern name was guessed.,World Flora Online Plant List,2026-06
accepted,Metasequoia,Taxodiaceae,Metasequoia amicarum,(Wendl.) Becc.,Caroline ivory nut palm,,,amicarum (Wendl.) Becc.--Caroline ivory nut palm,unresolved,,,,,,,,,0.00,,,No exact WFO match. Manual review required; no modern name was guessed.,World Flora Online Plant List,2026-06
synonym,Metasequoia,Taxodiaceae,Metasequoia rumphii,(Willd.) Mart.,,Metasequoia sagu,,(rumphii (Willd.) Mart.) = M. sagu,unresolved,,,,,,,,,0.00,,,No exact WFO match. Manual review required; no modern name was guessed.,World Flora Online Plant List,2026-06
accepted,Metasequoia,Taxodiaceae,Metasequoia sagu,Rottb.,sago palm,,,sagu Rottb.--sago palm,unresolved,,,,,,,,,0.00,,,No exact WFO match. Manual review required; no modern name was guessed.,World Flora Online Plant List,2026-06
synonym,Mimosa,Fabaceae,Mimosa famesiana,L.,,Acacia famesiana,,(famesiana L.) = Acacia famesiana,unresolved,,,,,,,,,0.00,,,No exact WFO match. Manual review required; no modern name was guessed.,World Flora Online Plant List,2026-06
accepted,Miscanthus,Poaceae,Miscanthus s,inens is Anders s. - -miscanthus,,,,s inens is Anders s. - -miscanthus,unresolved,,,,,,,,,0.00,,,No exact WFO match. Manual review required; no modern name was guessed.,World Flora Online Plant List,2026-06
accepted,Morrenia,Asclepiadaceae,Morrenia odorata,(Hook. § Am.) Lindl.,strangler-vine,,,odorata (Hook. § Am.) Lindl.--strangler-vine,ambiguous,,,,,,,,exact_name,1.00,,,Ambiguous WFO match (3 records).,World Flora Online Plant List,2026-06
accepted,Murraya,Rutaceae,Murraya paniculata,(L.) Jack,orange jessamine,,,paniculata (L.) Jack--orange jessamine,ambiguous,,,,,,,,exact_name,1.00,,,Ambiguous WFO match (2 records).,World Flora Online Plant List,2026-06
accepted,Musa,continued,Musa X,paradisiaca L.,"banana, plantain--[NC], [TN]",,NC;TN,"X paradisiaca L.--banana, plantain--[NC], [TN]",unresolved,,,,,,,,,0.00,,,No exact WFO match. Manual review required; no modern name was guessed.,World Flora Online Plant List,2026-06
synonym,Musa,continued,Musa sapientum^L.,,,Musa X paradisiaca,,(sapientum^L.) = M. X paradisiaca,unresolved,,,,,,,,,0.00,,,No exact WFO match. Manual review required; no modern name was guessed.,World Flora Online Plant List,2026-06
accepted,Nfyriophyllum,Haloragaceae,Nfyriophyllum brasiliense,Camb.,parrot£eather,,,brasiliense Camb.--parrot£eather,unresolved,,,,,,,,,0.00,,,No exact WFO match. Manual review required; no modern name was guessed.,World Flora Online Plant List,2026-06
accepted,Nfyriophyllum,Haloragaceae,Nfyriophyllum exalbescens,Fern.,northern watermilfoil,,,exalbescens Fern.--northern watermilfoil,unresolved,,,,,,,,,0.00,,,No exact WFO match. Manual review required; no modern name was guessed.,World Flora Online Plant List,2026-06
accepted,Nfyriophyllum,Haloragaceae,Nfyriophyllum heterophyllum,Michx.,"broadlea£ watermilfoil, variable w.",,,"heterophyllum Michx.--broadlea£ watermilfoil, variable w.",unresolved,,,,,,,,,0.00,,,No exact WFO match. Manual review required; no modern name was guessed.,World Flora Online Plant List,2026-06
accepted,Nfyriophyllum,Haloragaceae,Nfyriophyllum spicatum,L.,Eurasian watermilfoil,,,spicatum L.--Eurasian watermilfoil,unresolved,,,,,,,,,0.00,,,No exact WFO match. Manual review required; no modern name was guessed.,World Flora Online Plant List,2026-06
accepted,Nfyriophyllum,Haloragaceae,Nfyriophyllum verticillatum,L.,whorled watermilfoil,,,verticillatum L.--whorled watermilfoil,unresolved,,,,,,,,,0.00,,,No exact WFO match. Manual review required; no modern name was guessed.,World Flora Online Plant List,2026-06
synonym,Myristica,Myristicaceae,Myristica officinalis,L. f.,,Myristica fragrans,,(officinalis L. f.) = M. fragrans,ambiguous,,,,,,,,exact_name,1.00,,,Ambiguous WFO match (2 records).,World Flora Online Plant List,2026-06
synonym,Myroxylon,Fabaceae,Myroxylon pereirae,(Royle) Kl.,,Myroxylon balsamum var. pereirae,,(pereirae (Royle) Kl.) = M. balsamum var. pereirae,ambiguous,,,,,,,,exact_name,1.00,,,Ambiguous WFO match (2 records).,World Flora Online Plant List,2026-06
accepted,Myroxylon,Fabaceae,Myroxylon odorata,(L.) Scop.,myrrh,,,odorata (L.) Scop.--myrrh,unresolved,,,,,,,,,0.00,,,No exact WFO match. Manual review required; no modern name was guessed.,World Flora Online Plant List,2026-06
accepted,Najas,Najadaceae,Najas guadali:ç)ensis,(Spreng.) Magnus,southern naiad,,,guadali:ç)ensis (Spreng.) Magnus--southern naiad,unresolved,,,,,,,,,0.00,,,No exact WFO match. Manual review required; no modern name was guessed.,World Flora Online Plant List,2026-06
synonym,Nasturtium,Brassicaceae,Nasturtium armoracia,(L.) Fries,,Armoracia rusticana,,(armoracia (L.) Fries) = Armoracia rusticana,ambiguous,,,,,,,,exact_name,1.00,,,Ambiguous WFO match (2 records).,World Flora Online Plant List,2026-06
accepted,Nepeta,Lamiaceae,Nepeta catarla,L.,catnip,,,catarla L.--catnip,unresolved,,,,,,,,,0.00,,,No exact WFO match. Manual review required; no modern name was guessed.,World Flora Online Plant List,2026-06
synonym,Nepeta,Lamiaceae,Nepeta hederacea,(L.) Trev.,,Glechoma hederacea,,(hederacea (L.) Trev.) = Glechoma hederacea,ambiguous,,,,,,,,exact_name,1.00,,,Ambiguous WFO match (2 records).,World Flora Online Plant List,2026-06
synonym,Nephelium,Sapindaceae,Nephelium litchi,CambO,,Litchi chinensis,,(litchi CambO = Litchi chinensis,ambiguous,,,,,,,,exact_name,1.00,,,Ambiguous WFO match (2 records).,World Flora Online Plant List,2026-06
accepted,Nicotiana,Solanaceae,Nicotiana X,"sanderae Hort, ex W. Wats.",,,,"X sanderae Hort, ex W. Wats.",unresolved,,,,,,,,,0.00,,,No exact WFO match. Manual review required; no modern name was guessed.,World Flora Online Plant List,2026-06
synonym,Nothopanax,Araliaceae,Nothopanax fruticosum,(L.) Miq.,,Polyscias fruticosa,,(fruticosum (L.) Miq.) = Polyscias fruticosa,unresolved,,,,,,,,,0.00,,,No exact WFO match. Manual review required; no modern name was guessed.,World Flora Online Plant List,2026-06
synonym,Nothopanax,Araliaceae,Nothopanax pinnata,(LamO Miq.,,Polyscias rumphiana,,(pinnata (LamO Miq.) = Polyscias rumphiana,unresolved,,,,,,,,,0.00,,,No exact WFO match. Manual review required; no modern name was guessed.,World Flora Online Plant List,2026-06
accepted,Nuphar,Nymphaeaceae,Nuphar luteum,(L.) Sibth. i Sm.,spatterdock,,,luteum (L.) Sibth. i Sm.--spatterdock,unresolved,,,,,,,,,0.00,,,No exact WFO match. Manual review required; no modern name was guessed.,World Flora Online Plant List,2026-06
accepted,Oenothera,Qnagraceae,Oenothera bienais,L.,common evening-primrose,,,bienais L.--common evening-primrose,unresolved,,,,,,,,,0.00,,,No exact WFO match. Manual review required; no modern name was guessed.,World Flora Online Plant List,2026-06
synonym,Qncoba,Flacourtiaceae,Qncoba echinata,Oliv.,,Caloncoba echinata,,(echinata Oliv.) = Caloncoba echinata,unresolved,,,,,,,,,0.00,,,No exact WFO match. Manual review required; no modern name was guessed.,World Flora Online Plant List,2026-06
accepted,Ophiopogon,Liliaceae,Ophiopogon japónicas,(L. £.) Ker,"dwarf lilyturf, snake's-beard",,,"japónicas (L. £.) Ker--dwarf lilyturf, snake's-beard",unresolved,,,,,,,,,0.00,,,No exact WFO match. Manual review required; no modern name was guessed.,World Flora Online Plant List,2026-06
accepted,Orbignya,Arecaceae,Orbignya barbos,iana Burret,babassu,,,barbos iana Burret--babassu,unresolved,,,,,,,,,0.00,,,No exact WFO match. Manual review required; no modern name was guessed.,World Flora Online Plant List,2026-06
accepted,Origanum,Lamiaceae,Origanum maru,L.,Egyptian marjoram,,,maru L.--Egyptian marjoram,ambiguous,,,,,,,,exact_name,1.00,,,Ambiguous WFO match (2 records).,World Flora Online Plant List,2026-06
accepted,Omithogalum,Liliaceae,Omithogalum umbellatum,L.,star-of-Bethlehem,,,umbellatum L.--star-of-Bethlehem,unresolved,,,,,,,,,0.00,,,No exact WFO match. Manual review required; no modern name was guessed.,World Flora Online Plant List,2026-06
accepted,Omithopus,Fabaceae,Omithopus satiAAiis,Brot.,serradella,,,satiAAiis Brot.--serradella,unresolved,,,,,,,,,0.00,,,No exact WFO match. Manual review required; no modern name was guessed.,World Flora Online Plant List,2026-06
accepted,Osmanthus,Oleaceae,Osmanthus X,fortimei Carr.,Fortune's osmanthus,,,X fortimei Carr.--Fortune's osmanthus,unresolved,,,,,,,,,0.00,,,No exact WFO match. Manual review required; no modern name was guessed.,World Flora Online Plant List,2026-06
synonym,Osmanthus,Oleaceae,Osmanthus ilicifolius,(Hassk.) Mouillef.,,0. heterophyllus,,(ilicifolius (Hassk.) Mouillef.) = 0. heterophyllus,ambiguous,,,,,,,,exact_name,1.00,,,Ambiguous WFO match (2 records).,World Flora Online Plant List,2026-06
synonym,Oxalis,Oxalidaceae,Oxalis cemua,Thunb.,,0. pes-caprae,,(cemua Thunb.) = 0. pes-caprae,unresolved,,,,,,,,,0.00,,,No exact WFO match. Manual review required; no modern name was guessed.,World Flora Online Plant List,2026-06
accepted,Oxalis,Oxalidaceae,Oxalis comiculata,L.,"creeping woodsorrel, creeping lady's-sorrel",,,"comiculata L.--creeping woodsorrel, creeping lady's-sorrel",unresolved,,,,,,,,,0.00,,,No exact WFO match. Manual review required; no modern name was guessed.,World Flora Online Plant List,2026-06
synonym,Pachyrhizus,Fabaceae,Pachyrhizus Pachyrrhizus,,,Pachyrhizus,,(Pachyrrhizus) = Pachyrhizus,unresolved,,,,,,,,,0.00,,,No exact WFO match. Manual review required; no modern name was guessed.,World Flora Online Plant List,2026-06
accepted,Panax,Araliaceae,Panax psexodoginseng,Wall.,ginseng,,,psexodoginseng Wall.--ginseng,unresolved,,,,,,,,,0.00,,,No exact WFO match. Manual review required; no modern name was guessed.,World Flora Online Plant List,2026-06
synonym,Panax,Araliaceae,Panax schinseng,Nees,,Panax pseudoginseng,,(schinseng Nees) = P. pseudoginseng,unresolved,,,,,,,,,0.00,,,No exact WFO match. Manual review required; no modern name was guessed.,World Flora Online Plant List,2026-06
accepted,Panicum,Poaceae,Panicum dichotoini£lorumMichx.,,£all panicum,,,dichotoini£lorumMichx.--£all panicum,unresolved,,,,,,,,,0.00,,,No exact WFO match. Manual review required; no modern name was guessed.,World Flora Online Plant List,2026-06
accepted,Panicum,Poaceae,Panicum fasciculatum,Sw.,browntop panicum,,,fasciculatum Sw.--browntop panicum,ambiguous,,,,,,,,exact_name,1.00,,,Ambiguous WFO match (4 records).,World Flora Online Plant List,2026-06
synonym,Panicum,Poaceae,Panicum frumentaceum,Roxb.,,Echinochloa crusgalli var. frumentacea,,(frumentaceum Roxb.) = Echinochloa crusgalli var. frumentacea,ambiguous,,,,,,,,exact_name,1.00,,,Ambiguous WFO match (2 records).,World Flora Online Plant List,2026-06
synonym,Panicum,Poaceae,Panicum muticum,Forsk.,,Brachiaria mutica,,(muticum Forsk.) = Brachiaria mutica,ambiguous,,,,,,,,exact_name,1.00,,,Ambiguous WFO match (2 records).,World Flora Online Plant List,2026-06
synonym,Panicum,Poaceae,Panicum purpurascens,Raddi,,Brachiaria mutica,,(purpurascens Raddi) = Brachiaria mutica,ambiguous,,,,,,,,exact_name,1.00,,,Ambiguous WFO match (3 records).,World Flora Online Plant List,2026-06
synonym,Panicum,Poaceae,Panicum ramosum,L.,,Brachiaria ramosa,,(ramosum L.) = Brachiaria ramosa,ambiguous,,,,,,,,exact_name,1.00,,,Ambiguous WFO match (2 records).,World Flora Online Plant List,2026-06
accepted,Panicum,Poaceae,Panicum texanum,Buckl.,"Texas panicum, Texas millet",,,"texanum Buckl.--Texas panicum, Texas millet",ambiguous,,,,,,,,exact_name,1.00,,,Ambiguous WFO match (2 records).,World Flora Online Plant List,2026-06
accepted,Papaver,Papaveraceae,Papaver pseudo-orientale,(Fedde) Medw.,Oriental poppy,,,pseudo-orientale (Fedde) Medw.--Oriental poppy,ambiguous,,,,,,,,exact_name,1.00,,,Ambiguous WFO match (2 records).,World Flora Online Plant List,2026-06
accepted,Parmentiera,Bignoniaceae,Parmentiera cerífera,Seem.,candletree,,,cerífera Seem.--candletree,unresolved,,,,,,,,,0.00,,,No exact WFO match. Manual review required; no modern name was guessed.,World Flora Online Plant List,2026-06
synonym,Parmentiera,Bignoniaceae,Parmentiera edulis,DC.,,Parmentiera aculeata,,(edulis DC.) = P. aculeata,ambiguous,,,,,,,,exact_name,1.00,,,Ambiguous WFO match (3 records).,World Flora Online Plant List,2026-06
accepted,Paspalum,Poaceae,Paspalum ciliatifolium,Michx.,£ringelea£ paspalum,,,ciliatifolium Michx.--£ringelea£ paspalum,ambiguous,,,,,,,,exact_name,1.00,,,Ambiguous WFO match (2 records).,World Flora Online Plant List,2026-06
accepted,Passiflora,Passifloraceae,Passiflora caeruleo-racemosa,Sabine,,,,caeruleo-racemosa Sabine,unresolved,,,,,,,,,0.00,,,No exact WFO match. Manual review required; no modern name was guessed.,World Flora Online Plant List,2026-06
accepted,Passiflora,Passifloraceae,Passiflora X,colvillii Sweet,(P. caerulea X P. incamata),,,X colvillii Sweet--(P. caerulea X P. incamata),unresolved,,,,,,,,,0.00,,,No exact WFO match. Manual review required; no modern name was guessed.,World Flora Online Plant List,2026-06
accepted,Passiflora,Passifloraceae,Passiflora incamata,L.,"maypop passion-flower, maypop",,,"incamata L.--maypop passion-flower, maypop",unresolved,,,,,,,,,0.00,,,No exact WFO match. Manual review required; no modern name was guessed.,World Flora Online Plant List,2026-06
synonym,Passiflora,Passifloraceae,Passiflora van-volxemii,(Lern.) Triana § Planch.,,Passiflora antioquiensis,,(van-volxemii (Lern.) Triana § Planch.) = P. antioquiensis,unresolved,,,,,,,,,0.00,,,No exact WFO match. Manual review required; no modern name was guessed.,World Flora Online Plant List,2026-06
synonym,Petroselinum,Apiaceae,Petroselinum sativum,Hoffm.,,Petroselinum crispum,,(sativum Hoffm.) = P. crispum,ambiguous,,,,,,,,exact_name,1.00,,,Ambiguous WFO match (3 records).,World Flora Online Plant List,2026-06
accepted,Petunia,Solanaceae,Petunia X,hybrida Vilm.,(P. axillaris X P. violácea)--garden petunia,,,X hybrida Vilm.--(P. axillaris X P. violácea)--garden petunia,unresolved,,,,,,,,,0.00,,,No exact WFO match. Manual review required; no modern name was guessed.,World Flora Online Plant List,2026-06
accepted,Petunia,Solanaceae,Petunia violácea,Lindl.,violet-flowered petunia,,,violácea Lindl.--violet-flowered petunia,ambiguous,,,,,,,,exact_name,1.00,,,Ambiguous WFO match (2 records).,World Flora Online Plant List,2026-06
synonym,Phalaris,Poaceae,Phalaris tuberosa,L.,,Phalaris aquatica,,(tuberosa L.) = P. aquatica,ambiguous,,,,,,,,exact_name,1.00,,,Ambiguous WFO match (2 records).,World Flora Online Plant List,2026-06
synonym,Phalaris,Poaceae,Phalaris tuberosa var. hirtiglumis,(Batt. § Trab.) Batt. § Trab.,,Phalaris aquatica,,(tuberosa var. hirtiglumis (Batt. § Trab.) Batt. § Trab.) = P. aquatica,ambiguous,,,,,,,,exact_name,1.00,,,Ambiguous WFO match (2 records).,World Flora Online Plant List,2026-06
synonym,Phaseolus,Fabaceae,Phaseolus aconitifolius,Jacq.,,Vigna aconitifolia,,(aconitifolius Jacq.) = Vigna aconitifolia,ambiguous,,,,,,,,exact_name,1.00,,,Ambiguous WFO match (2 records).,World Flora Online Plant List,2026-06
synonym,Phaseolus,Fabaceae,Phaseolus atropurpureus,Moc. § Sesse ex DC.,,Macroptilium atropurpureum,,(atropurpureus Moc. § Sesse ex DC.) = Macroptilium atropurpureum,ambiguous,,,,,,,,exact_name,1.00,,,Ambiguous WFO match (2 records).,World Flora Online Plant List,2026-06
synonym,Phaseolus,Fabaceae,Phaseolus aureus,Roxb.,,Vigna radiata,,(aureus Roxb.) = Vigna radiata,ambiguous,,,,,,,,exact_name,1.00,,,Ambiguous WFO match (3 records).,World Flora Online Plant List,2026-06
synonym,Phaseolus,Fabaceae,Phaseolus latifolius,(Freeman) Freeman,,Phaseolus acutifolius,,(latifolius (Freeman) Freeman) = P. acutifolius,ambiguous,,,,,,,,exact_name,1.00,,,Ambiguous WFO match (2 records).,World Flora Online Plant List,2026-06
synonym,Phaseolus,Fabaceae,Phaseolus limensis,Macf.,,Phaseolus lunatus,,(limensis Macf.) = P. lunatus,ambiguous,,,,,,,,exact_name,1.00,,,Ambiguous WFO match (2 records).,World Flora Online Plant List,2026-06
synonym,Phaseolus,Fabaceae,Phaseolus multiflorus,Willd.,,Phaseolus coccineus,,(multiflorus Willd.) = P. coccineus,ambiguous,,,,,,,,exact_name,1.00,,,Ambiguous WFO match (2 records).,World Flora Online Plant List,2026-06
synonym,Phaseolus,Fabaceae,Phaseolus sublobatus,Roxb.,,Vigna radiata var. sublobata,,(sublobatus Roxb.) = Vigna radiata var. sublobata,ambiguous,,,,,,,,exact_name,1.00,,,Ambiguous WFO match (4 records).,World Flora Online Plant List,2026-06
accepted,Phaseolus,Fabaceae,Phaseolus Philodendron,(Araceae)    ^,,,,Philodendron (Araceae)    ^,unresolved,,,,,,,,,0.00,,,No exact WFO match. Manual review required; no modern name was guessed.,World Flora Online Plant List,2026-06
synonym,Phaseolus,Fabaceae,Phaseolus pertusum,Kunth § Bouche,,Monstera deliciosa,,(pertusum Kunth § Bouche) = Monstera deliciosa,unresolved,,,,,,,,,0.00,,,No exact WFO match. Manual review required; no modern name was guessed.,World Flora Online Plant List,2026-06
accepted,Phaseolus,Fabaceae,Phaseolus scandens,K. Koch § Sello,heart-leaf philodendron,,,scandens K. Koch § Sello--heart-leaf philodendron,unresolved,,,,,,,,,0.00,,,No exact WFO match. Manual review required; no modern name was guessed.,World Flora Online Plant List,2026-06
accepted,Phaseolus,Fabaceae,Phaseolus selloum,K. Koch,,,,selloum K. Koch,unresolved,,,,,,,,,0.00,,,No exact WFO match. Manual review required; no modern name was guessed.,World Flora Online Plant List,2026-06
accepted,Phoenix,Arecaceae,Phoenix canariensis,"Hort, ex Chaub.",Canary Island date palm,,,"canariensis Hort, ex Chaub.--Canary Island date palm",ambiguous,,,,,,,,exact_name,1.00,,,Ambiguous WFO match (3 records).,World Flora Online Plant List,2026-06
accepted,Phoenix,Arecaceae,Phoenix loureirii,Kunth,,,,loureirii Kunth,unresolved,,,,,,,,,0.00,,,No exact WFO match. Manual review required; no modern name was guessed.,World Flora Online Plant List,2026-06
synonym,Phragmites,Poaceae,Phragmites comrmjnis,Trin.,,Phragmites australis,,(comrmjnis Trin.) = P. australis,unresolved,,,,,,,,,0.00,,,No exact WFO match. Manual review required; no modern name was guessed.,World Flora Online Plant List,2026-06
accepted,Physalis,Solanaceae,Physalis alkekengi,L.,Chinese lantern-plant,,,alkekengi L.--Chinese lantern-plant,ambiguous,,,,,,,,exact_name,1.00,,,Ambiguous WFO match (2 records).,World Flora Online Plant List,2026-06
accepted,Physalis,Solanaceae,Physalis groundcherry,,,,,groundcherry,unresolved,,,,,,,,,0.00,,,No exact WFO match. Manual review required; no modern name was guessed.,World Flora Online Plant List,2026-06
accepted,Physostigpia,Fabaceae,Physostigpia venenosum,Balf.,calabar bean,,,venenosum Balf.--calabar bean,unresolved,,,,,,,,,0.00,,,No exact WFO match. Manual review required; no modern name was guessed.,World Flora Online Plant List,2026-06
synonym,Phytolacca,Phytolaccaceae,Phytolacca decandra,L.,,Phytolacca americana,,(decandra L.) = P. americana,ambiguous,,,,,,,,exact_name,1.00,,,Ambiguous WFO match (2 records).,World Flora Online Plant List,2026-06
accepted,Piirpinella,Apiaceae,Piirpinella anisum,L.,anise,,,anisum L.--anise,unresolved,,,,,,,,,0.00,,,No exact WFO match. Manual review required; no modern name was guessed.,World Flora Online Plant List,2026-06
synonym,Pinus,continued,Pinus montana,Mill.,,Pinus mugo,,(montana Mill.) = P. mugo,ambiguous,,,,,,,,exact_name,1.00,,,Ambiguous WFO match (5 records).,World Flora Online Plant List,2026-06
accepted,Piper,Piperaceae,Piper omatum,Nt E. Br.,Celebes pepper,,,omatum Nt E. Br.--Celebes pepper,unresolved,,,,,,,,,0.00,,,No exact WFO match. Manual review required; no modern name was guessed.,World Flora Online Plant List,2026-06
accepted,Plantage,Plantaginaceae,Plantage aristata,Michx.,bracted plantain,,,aristata Michx.--bracted plantain,unresolved,,,,,,,,,0.00,,,No exact WFO match. Manual review required; no modern name was guessed.,World Flora Online Plant List,2026-06
accepted,Plantage,Plantaginaceae,Plantage lanceolata,L.,"buckhom plantain, English p.",,,"lanceolata L.--buckhom plantain, English p.",unresolved,,,,,,,,,0.00,,,No exact WFO match. Manual review required; no modern name was guessed.,World Flora Online Plant List,2026-06
accepted,Plantage,Plantaginaceae,Plantage major,L.,"broadleaf plantain, common p., great p. (Br.)",,,"major L.--broadleaf plantain, common p., great p. (Br.)",unresolved,,,,,,,,,0.00,,,No exact WFO match. Manual review required; no modern name was guessed.,World Flora Online Plant List,2026-06
accepted,Plantage,Plantaginaceae,Plantage media,L.,hoary plantain,,,media L.--hoary plantain,unresolved,,,,,,,,,0.00,,,No exact WFO match. Manual review required; no modern name was guessed.,World Flora Online Plant List,2026-06
accepted,Plantage,Plantaginaceae,Plantage psyllium,L.,,,,psyllium L.,unresolved,,,,,,,,,0.00,,,No exact WFO match. Manual review required; no modern name was guessed.,World Flora Online Plant List,2026-06
accepted,Plantage,Plantaginaceae,Plantage rugelii,Decne.,"blackseed plantain, Rugel's p.",,,"rugelii Decne.--blackseed plantain, Rugel's p.",unresolved,,,,,,,,,0.00,,,No exact WFO match. Manual review required; no modern name was guessed.,World Flora Online Plant List,2026-06
accepted,Plantage,Plantaginaceae,Plantage virginica,L.,paleseed plantain,,,virginica L.--paleseed plantain,unresolved,,,,,,,,,0.00,,,No exact WFO match. Manual review required; no modern name was guessed.,World Flora Online Plant List,2026-06
accepted,Platanus,Platanaceae,Platanus X,acerifolia (Ait.) Willd.,London planetree--(P. occidentalis,,,X acerifolia (Ait.) Willd.--London planetree--(P. occidentalis,unresolved,,,,,,,,,0.00,,,No exact WFO match. Manual review required; no modern name was guessed.,World Flora Online Plant List,2026-06
accepted,Platanus,Platanaceae,Platanus X,P. orientalis),,,,X P. orientalis),unresolved,,,,,,,,,0.00,,,No exact WFO match. Manual review required; no modern name was guessed.,World Flora Online Plant List,2026-06
accepted,Platonia,Clusiaceae,Platonia esculenta,(Arr. Cam.) Rickett ^ Stafl.,bacury,,,esculenta (Arr. Cam.) Rickett ^ Stafl.--bacury,ambiguous,,,,,,,,exact_name,1.00,,,Ambiguous WFO match (2 records).,World Flora Online Plant List,2026-06
accepted,Poa,Poaceae,Poa ampia,Merr.,big bluegrass,,,ampia Merr.--big bluegrass,unresolved,,,,,,,,,0.00,,,No exact WFO match. Manual review required; no modern name was guessed.,World Flora Online Plant List,2026-06
accepted,Polygonum,Polygonaceae,Polygonum cuspidatum,Sieb. § Zuce.,Japanese knotweed,,,cuspidatum Sieb. § Zuce.--Japanese knotweed,ambiguous,,,,,,,,exact_name,1.00,,,Ambiguous WFO match (2 records).,World Flora Online Plant List,2026-06
accepted,Polygonum,Polygonaceae,Polygonum pensylvanicum,L.,Pennsylvania smartweed,,,pensylvanicum L.--Pennsylvania smartweed,ambiguous,,,,,,,,exact_name,1.00,,,Ambiguous WFO match (2 records).,World Flora Online Plant List,2026-06
accepted,Polygonum,Polygonaceae,Polygonum punctatum,Ell.,dotted smartweed,,,punctatum Ell.--dotted smartweed,ambiguous,,,,,,,,exact_name,1.00,,,Ambiguous WFO match (2 records).,World Flora Online Plant List,2026-06
accepted,Polygonum,Polygonaceae,Polygonum salicifolium,Brouss. ex Willd.,,,,salicifolium Brouss. ex Willd.,ambiguous,,,,,,,,exact_name,1.00,,,Ambiguous WFO match (2 records).,World Flora Online Plant List,2026-06
synonym,Pontederia,Pontederiaceae,Pontederia lanceolata,Nutt.,,Pontederia cordata var. lancifolia,,(lanceolata Nutt.) = P. cordata var. lancifolia,ambiguous,,,,,,,,exact_name,1.00,,,Ambiguous WFO match (2 records).,World Flora Online Plant List,2026-06
synonym,Poterium,Rosaceae,Poterium saaguisorba,L.,,Sanguisorba minor,,(saaguisorba L.) = Sanguisorba minor,unresolved,,,,,,,,,0.00,,,No exact WFO match. Manual review required; no modern name was guessed.,World Flora Online Plant List,2026-06
accepted,Proboscidea,Martyniaceae,Proboscidea ram's-horn,,,,,ram's-horn,unresolved,,,,,,,,,0.00,,,No exact WFO match. Manual review required; no modern name was guessed.,World Flora Online Plant List,2026-06
accepted,Prosopis,Fabaceae,Prosopis mesquite,,,,,mesquite,unresolved,,,,,,,,,0.00,,,No exact WFO match. Manual review required; no modern name was guessed.,World Flora Online Plant List,2026-06
accepted,Prosopis,Fabaceae,Prosopis tamarugo,Phil.,tamarugo,,,tamarugo Phil.--tamarugo,ambiguous,,,,,,,,exact_name,1.00,,,Ambiguous WFO match (2 records).,World Flora Online Plant List,2026-06
accepted,Prunella,Lamiaceae,Prunella viilgaris,L.,"heal-all, self-heal",,,"viilgaris L.--heal-all, self-heal",unresolved,,,,,,,,,0.00,,,No exact WFO match. Manual review required; no modern name was guessed.,World Flora Online Plant List,2026-06
synonym,Prunus,Rosaceae,Prunus communis,(L.) Arcang.,,Prunus dulcis,,(communis (L.) Arcang.) = P. dulcis,ambiguous,,,,,,,,exact_name,1.00,,,Ambiguous WFO match (7 records).,World Flora Online Plant List,2026-06
accepted,Prunus,Rosaceae,Prunus dulcis,(Mill.) D. A. Webb,almond--[TN],,TN,dulcis (Mill.) D. A. Webb--almond--[TN],ambiguous,,,,,,,,exact_name,1.00,,,Ambiguous WFO match (3 records).,World Flora Online Plant List,2026-06
synonym,Prunus,Rosaceae,Prunus triflora,Roxb.,,Prunus salicina,,(triflora Roxb.) = P. salicina,ambiguous,,,,,,,,exact_name,1.00,,,Ambiguous WFO match (2 records).,World Flora Online Plant List,2026-06
synonym,Psidium,Myrtaceae,Psidium littorale var. lucidum,Deg.,,Psidium cattleianum,,(littorale var. lucidum Deg.) = P. cattleianum,ambiguous,,,,,,,,genus_species_exact,0.97,,,Ambiguous WFO match (2 records).,World Flora Online Plant List,2026-06
synonym,Psychotria,Rubiaceae,Psychotria ipecacuanha,(Brot.) Stokes,,Cephaêlis ipecacuanha,,(ipecacuanha (Brot.) Stokes) = Cephaêlis ipecacuanha,ambiguous,,,,,,,,exact_name,1.00,,,Ambiguous WFO match (2 records).,World Flora Online Plant List,2026-06
synonym,Pueraria,Fabaceae,Pueraria hirsuta,(Thunb.) Schneid.,,Pueraria lobata,,(hirsuta (Thunb.) Schneid.) = P. lobata,ambiguous,,,,,,,,exact_name,1.00,,,Ambiguous WFO match (3 records).,World Flora Online Plant List,2026-06
synonym,Pyrethrum,Asteraceae,Pyrethrum cinerariifolium,Trev.,,Chrysanthemum cinerariifolium,,(cinerariifolium Trev.) = Chrysanthemum cinerariifolium,unresolved,,,,,,,,,0.00,,,No exact WFO match. Manual review required; no modern name was guessed.,World Flora Online Plant List,2026-06
synonym,Pyrus,Rosaceae,Pyrus baccata,L.,,Malus baccata,,(baccata L.) = Malus baccata,ambiguous,,,,,,,,exact_name,1.00,,,Ambiguous WFO match (4 records).,World Flora Online Plant List,2026-06
synonym,Pyrus,Rosaceae,Pyrus cydonia,L.,,Cydonia oblonga,,(cydonia L.) = Cydonia oblonga,ambiguous,,,,,,,,exact_name,1.00,,,Ambiguous WFO match (3 records).,World Flora Online Plant List,2026-06
synonym,Pyrus,Rosaceae,Pyrus malus,L.,,Malus sylvestris,,(malus L.) = Malus sylvestris,ambiguous,,,,,,,,exact_name,1.00,,,Ambiguous WFO match (4 records).,World Flora Online Plant List,2026-06
accepted,Pyrus,Rosaceae,Pyrus Chinese,p.,,,,Chinese p.,unresolved,,,,,,,,,0.00,,,No exact WFO match. Manual review required; no modern name was guessed.,World Flora Online Plant List,2026-06
synonym,Quercus,Fagaceae,Quercus aegilops,auct.,,Quercus macrolepis,,(aegilops auct.) = Q. macrolepis,ambiguous,,,,,,,,exact_name,1.00,,,Ambiguous WFO match (4 records).,World Flora Online Plant List,2026-06
synonym,Quercus,Fagaceae,Quercus borealis var. maxima,(Marsh.) Sarg.,,Quercus rubra,,(borealis var. maxima (Marsh.) Sarg.) = Q. rubra,ambiguous,,,,,,,,exact_name,1.00,,,Ambiguous WFO match (2 records).,World Flora Online Plant List,2026-06
synonym,Quercus,Fagaceae,Quercus conferta,Kit.,,Quercus frainetto,,(conferta Kit.) = Q. frainetto,ambiguous,,,,,,,,exact_name,1.00,,,Ambiguous WFO match (2 records).,World Flora Online Plant List,2026-06
accepted,Quercus,Fagaceae,Quercus imbricarla,Michx.,shingle oak,,,imbricarla Michx.--shingle oak,unresolved,,,,,,,,,0.00,,,No exact WFO match. Manual review required; no modern name was guessed.,World Flora Online Plant List,2026-06
accepted,Quercus,Fagaceae,Quercus wislizenii,A. DC.,interior live oak,,,wislizenii A. DC.--interior live oak,unresolved,,,,,,,,,0.00,,,No exact WFO match. Manual review required; no modern name was guessed.,World Flora Online Plant List,2026-06
accepted,Rhamnus,Rhamnaceae,Rhamnus catharticus,L.,European buckthorn,,,catharticus L.--European buckthorn,unresolved,,,,,,,,,0.00,,,No exact WFO match. Manual review required; no modern name was guessed.,World Flora Online Plant List,2026-06
accepted,Rhamnus,Rhamnaceae,Rhamnus globosus,Bunge,lokao,,,globosus Bunge--lokao,unresolved,,,,,,,,,0.00,,,No exact WFO match. Manual review required; no modern name was guessed.,World Flora Online Plant List,2026-06
accepted,Rhamnus,Rhamnaceae,Rhamnus purshianus,DC.,cascara buckthorn,,,purshianus DC.--cascara buckthorn,unresolved,,,,,,,,,0.00,,,No exact WFO match. Manual review required; no modern name was guessed.,World Flora Online Plant List,2026-06
accepted,Rhododendron,Ericaceae,Rhododendron laurel,,,,,laurel,unresolved,,,,,,,,,0.00,,,No exact WFO match. Manual review required; no modern name was guessed.,World Flora Online Plant List,2026-06
accepted,Rhus,Anacardiaceae,Rhus copallina,L.,"dwarf sumac, shining s., winged s.",,,"copallina L.--dwarf sumac, shining s., winged s.",unresolved,,,,,,,,,0.00,,,No exact WFO match. Manual review required; no modern name was guessed.,World Flora Online Plant List,2026-06
synonym,Rhus,Anacardiaceae,Rhus vemiciflua,Stokes) « Toxicodendron vemicifluum,,,,(vemiciflua Stokes) « Toxicodendron vemicifluum,unresolved,,,,,,,,,0.00,,,No exact WFO match. Manual review required; no modern name was guessed.,World Flora Online Plant List,2026-06
synonym,Rhus,Anacardiaceae,Rhus vemix,L.) « Toxicodendron vemix,,,,(vemix L.) « Toxicodendron vemix,unresolved,,,,,,,,,0.00,,,No exact WFO match. Manual review required; no modern name was guessed.,World Flora Online Plant List,2026-06
synonym,Rhynchelytrum,Poaceae,Rhynchelytrum roseum,(Nees) Stapf § C. E. Hubb. ex Bews,,Rhynchelytrum repens,,(roseum (Nees) Stapf § C. E. Hubb. ex Bews) = R. repens,ambiguous,,,,,,,,exact_name,1.00,,,Ambiguous WFO match (2 records).,World Flora Online Plant List,2026-06
accepted,Rhynchospora,Cyperaceae,Rhynchospora Ribes,(Grossulariaceae) [Ti>I],,,,Ribes (Grossulariaceae) [Ti>I],unresolved,,,,,,,,,0.00,,,No exact WFO match. Manual review required; no modern name was guessed.,World Flora Online Plant List,2026-06
accepted,Rhynchospora,Cyperaceae,Rhynchospora americanum,Mill.,"American black currant, wild black c.",,,"americanum Mill.--American black currant, wild black c.",unresolved,,,,,,,,,0.00,,,No exact WFO match. Manual review required; no modern name was guessed.,World Flora Online Plant List,2026-06
accepted,Rhynchospora,Cyperaceae,Rhynchospora aureum,Pursh,golden currant,,,aureum Pursh--golden currant,unresolved,,,,,,,,,0.00,,,No exact WFO match. Manual review required; no modern name was guessed.,World Flora Online Plant List,2026-06
accepted,Rhynchospora,Cyperaceae,Rhynchospora cynosbati,L.,"pasture gooseberry, prickly g., dogberry",,,"cynosbati L.--pasture gooseberry, prickly g., dogberry",unresolved,,,,,,,,,0.00,,,No exact WFO match. Manual review required; no modern name was guessed.,World Flora Online Plant List,2026-06
synonym,Rhynchospora,Cyperaceae,Rhynchospora grossularia,L.,,Rhynchospora uva-crispa,,(grossularia L.) = R. uva-crispa,unresolved,,,,,,,,,0.00,,,No exact WFO match. Manual review required; no modern name was guessed.,World Flora Online Plant List,2026-06
accepted,Rhynchospora,Cyperaceae,Rhynchospora hirtellum,Michx.,hairy gooseberry,,,hirtellum Michx.--hairy gooseberry,unresolved,,,,,,,,,0.00,,,No exact WFO match. Manual review required; no modern name was guessed.,World Flora Online Plant List,2026-06
accepted,Rhynchospora,Cyperaceae,Rhynchospora multiflorum,Kit. ex Roem. § Schult.,,,,multiflorum Kit. ex Roem. § Schult.,unresolved,,,,,,,,,0.00,,,No exact WFO match. Manual review required; no modern name was guessed.,World Flora Online Plant List,2026-06
accepted,Rhynchospora,Cyperaceae,Rhynchospora nigrum,L.,black currant,,,nigrum L.--black currant,unresolved,,,,,,,,,0.00,,,No exact WFO match. Manual review required; no modern name was guessed.,World Flora Online Plant List,2026-06
accepted,Rhynchospora,Cyperaceae,Rhynchospora odoratum,H. L. Wendl.,"Missouri currant, buffalo c.",,,"odoratum H. L. Wendl.--Missouri currant, buffalo c.",unresolved,,,,,,,,,0.00,,,No exact WFO match. Manual review required; no modern name was guessed.,World Flora Online Plant List,2026-06
accepted,Rhynchospora,Cyperaceae,Rhynchospora petraeum,Wiilf.,,,,petraeum Wiilf.,unresolved,,,,,,,,,0.00,,,No exact WFO match. Manual review required; no modern name was guessed.,World Flora Online Plant List,2026-06
accepted,Rhynchospora,Cyperaceae,Rhynchospora rubrum,L.,"red currant, white c.",,,"rubrum L.--red currant, white c.",unresolved,,,,,,,,,0.00,,,No exact WFO match. Manual review required; no modern name was guessed.,World Flora Online Plant List,2026-06
accepted,Rhynchospora,Cyperaceae,Rhynchospora sanguineum,Pursh,red-flowered currant,,,sanguineum Pursh--red-flowered currant,unresolved,,,,,,,,,0.00,,,No exact WFO match. Manual review required; no modern name was guessed.,World Flora Online Plant List,2026-06
synonym,Rhynchospora,Cyperaceae,Rhynchospora sativum,(Reichenb.) Syme,,Rhynchospora rubrum,,(sativum (Reichenb.) Syme) = R. rubrum,unresolved,,,,,,,,,0.00,,,No exact WFO match. Manual review required; no modern name was guessed.,World Flora Online Plant List,2026-06
accepted,Rhynchospora,Cyperaceae,Rhynchospora spicatum,Robson,,,,spicatum Robson,unresolved,,,,,,,,,0.00,,,No exact WFO match. Manual review required; no modern name was guessed.,World Flora Online Plant List,2026-06
accepted,Rhynchospora,Cyperaceae,Rhynchospora uva-crispa,L.,European gooseberry,,,uva-crispa L.--European gooseberry,unresolved,,,,,,,,,0.00,,,No exact WFO match. Manual review required; no modern name was guessed.,World Flora Online Plant List,2026-06
accepted,Rosa,Rosaceae,Rosa X,alba L.,,,,X alba L.,unresolved,,,,,,,,,0.00,,,No exact WFO match. Manual review required; no modern name was guessed.,World Flora Online Plant List,2026-06
synonym,Rosa,continued,Rosa pomífera,Herrm.,,Rosa villosa,,(pomífera Herrm.) = R. villosa,ambiguous,,,,,,,,exact_name,1.00,,,Ambiguous WFO match (4 records).,World Flora Online Plant List,2026-06
accepted,Rottboellia,Poaceae,Rottboellia exaltata,L. £.,itchgrass,,,exaltata L. £.--itchgrass,ambiguous,,,,,,,,exact_name,1.00,,,Ambiguous WFO match (2 records).,World Flora Online Plant List,2026-06
accepted,Rubus,Rosaceae,Rubus fruticosus,L.,European blackberry,,,fruticosus L.--European blackberry,ambiguous,,,,,,,,exact_name,1.00,,,Ambiguous WFO match (16 records).,World Flora Online Plant List,2026-06
accepted,Rubus,Rosaceae,Rubus laciniatus,Willd.,"cutleaf blackberry, evergreen b.",,,"laciniatus Willd.--cutleaf blackberry, evergreen b.",ambiguous,,,,,,,,exact_name,1.00,,,Ambiguous WFO match (2 records).,World Flora Online Plant List,2026-06
accepted,Rubus,Rosaceae,Rubus loganberry,,,,,loganberry,unresolved,,,,,,,,,0.00,,,No exact WFO match. Manual review required; no modern name was guessed.,World Flora Online Plant List,2026-06
accepted,Saljnalia,Bombacaceae,Saljnalia malabarica,(DC.) Schott § Endl.,,,,malabarica (DC.) Schott § Endl.,unresolved,,,,,,,,,0.00,,,No exact WFO match. Manual review required; no modern name was guessed.,World Flora Online Plant List,2026-06
synonym,Salvia,Lamiaceae,Salvia Cchia,FemO,,Salvia potus,,Cchia FemO = S. potus,unresolved,,,,,,,,,0.00,,,No exact WFO match. Manual review required; no modern name was guessed.,World Flora Online Plant List,2026-06
accepted,Sambucus,Caprifoliaceae,Sambucus glauca,Nutt.,"blueberry elder, blue elderberry, western elderberry",,,"glauca Nutt.--blueberry elder, blue elderberry, western elderberry",ambiguous,,,,,,,,exact_name,1.00,,,Ambiguous WFO match (2 records).,World Flora Online Plant List,2026-06
accepted,Sapium,Euphorbiaceae,Sapium sebiferum,(L.) Roxb.,"tallow-tree, Chinese tallow-tree",,,"sebiferum (L.) Roxb.--tallow-tree, Chinese tallow-tree",ambiguous,,,,,,,,exact_name,1.00,,,Ambiguous WFO match (2 records).,World Flora Online Plant List,2026-06
synonym,Sassafras,Lauraceae,Sassafras officinale,Nees § Eberm.,,Sassafras albidum,,(officinale Nees § Eberm.) = S. albidum,ambiguous,,,,,,,,exact_name,1.00,,,Ambiguous WFO match (2 records).,World Flora Online Plant List,2026-06
accepted,Schleichera,Sapindaceae,Schleichera oleosa,(Lour.) Merr.,lac-tree,,,oleosa (Lour.) Merr.--lac-tree,ambiguous,,,,,,,,exact_name,1.00,,,Ambiguous WFO match (2 records).,World Flora Online Plant List,2026-06
accepted,Scirpus,Cyperaceae,Scirpus acutus,^îlhl.,hardstem bulrush,,,acutus ^îlhl.--hardstem bulrush,ambiguous,,,,,,,,exact_name,1.00,,,Ambiguous WFO match (3 records).,World Flora Online Plant List,2026-06
accepted,Scirpus,Cyperaceae,Scirpus americanus,Pers.,"common threesquare, American bulrush",,,"americanus Pers.--common threesquare, American bulrush",ambiguous,,,,,,,,exact_name,1.00,,,Ambiguous WFO match (2 records).,World Flora Online Plant List,2026-06
accepted,Scirpus,Cyperaceae,Scirpus califomicus,(C. A. Mey.) Steud.,"southern bulrush, California b.",,,"califomicus (C. A. Mey.) Steud.--southern bulrush, California b.",unresolved,,,,,,,,,0.00,,,No exact WFO match. Manual review required; no modern name was guessed.,World Flora Online Plant List,2026-06
synonym,Scirpus,Cyperaceae,Scirpus tuberosus,Roxb.,,Eleocharis dulcis,,(tuberosus Roxb.) = Eleocharis dulcis,ambiguous,,,,,,,,exact_name,1.00,,,Ambiguous WFO match (2 records).,World Flora Online Plant List,2026-06
accepted,Scopolia,Solanaceae,Scopolia camiolica,Jacq.,,,,camiolica Jacq.,unresolved,,,,,,,,,0.00,,,No exact WFO match. Manual review required; no modern name was guessed.,World Flora Online Plant List,2026-06
accepted,SemperviATum,Crassulaceae,SemperviATum tectorum,L.,hen-and-chickens,,,tectorum L.--hen-and-chickens,unresolved,,,,,,,,,0.00,,,No exact WFO match. Manual review required; no modern name was guessed.,World Flora Online Plant List,2026-06
accepted,Senecio,Asteraceae,Senecio X,hybridus (Willd.) Regel,florist's cineraria,,,X hybridus (Willd.) Regel--florist's cineraria,unresolved,,,,,,,,,0.00,,,No exact WFO match. Manual review required; no modern name was guessed.,World Flora Online Plant List,2026-06
accepted,Senecio,Asteraceae,Senecio jacobaea,L.,tansy ragwort,,,jacobaea L.--tansy ragwort,ambiguous,,,,,,,,exact_name,1.00,,,Ambiguous WFO match (5 records).,World Flora Online Plant List,2026-06
synonym,Sequoia,Taxodiaceae,Sequoia gigantea,(Lindl.) Decne.,,Sequoiadendron giganteum,,(gigantea (Lindl.) Decne.) = Sequoiadendron giganteum,ambiguous,,,,,,,,exact_name,1.00,,,Ambiguous WFO match (2 records).,World Flora Online Plant List,2026-06
synonym,Sesbania,Fabaceae,Sesbania aculeata,(Willd.) Pers.,,Sesbania bispinosa,,(aculeata (Willd.) Pers.) = S. bispinosa,ambiguous,,,,,,,,exact_name,1.00,,,Ambiguous WFO match (2 records).,World Flora Online Plant List,2026-06
accepted,Setaria,Poaceae,Setaria anceps,Stapf ex Massey,,,,anceps Stapf ex Massey,ambiguous,,,,,,,,exact_name,1.00,,,Ambiguous WFO match (2 records).,World Flora Online Plant List,2026-06
accepted,Setaria,Poaceae,Setaria geniculata,(Lam.) Beauv.,knotroot foxtail,,,geniculata (Lam.) Beauv.--knotroot foxtail,ambiguous,,,,,,,,exact_name,1.00,,,Ambiguous WFO match (2 records).,World Flora Online Plant List,2026-06
accepted,Shorea,Dipterocarpaceae,Shorea wiesneri,Schiffn.,Batavian damar,,,wiesneri Schiffn.--Batavian damar,unresolved,,,,,,,,,0.00,,,No exact WFO match. Manual review required; no modern name was guessed.,World Flora Online Plant List,2026-06
accepted,Silène,Caryophyllaceae,Silène alba,(Mill.) Krause,"white campion, white cockle, evening lychnis",,,"alba (Mill.) Krause--white campion, white cockle, evening lychnis",ambiguous,,,,,,,,exact_name,1.00,,,Ambiguous WFO match (3 records).,World Flora Online Plant List,2026-06
accepted,Slum,^iaceae,Slum sisarum,L.,skirret,,,sisarum L.--skirret,unresolved,,,,,,,,,0.00,,,No exact WFO match. Manual review required; no modern name was guessed.,World Flora Online Plant List,2026-06
accepted,Smilax,Liliaceae,Smilax regeln,Killip § Morton,Jamaican sarsaparilla,,,regeln Killip § Morton--Jamaican sarsaparilla,unresolved,,,,,,,,,0.00,,,No exact WFO match. Manual review required; no modern name was guessed.,World Flora Online Plant List,2026-06
accepted,Smymium,Apiaceae,Smymium olusatrum,L.,alexanders,,,olusatrum L.--alexanders,unresolved,,,,,,,,,0.00,,,No exact WFO match. Manual review required; no modern name was guessed.,World Flora Online Plant List,2026-06
accepted,Solanum,Solanaceae,Solanum ferox,L.,,,,ferox L.,ambiguous,,,,,,,,exact_name,1.00,,,Ambiguous WFO match (4 records).,World Flora Online Plant List,2026-06
accepted,Solanum,Solanaceae,Solanum gilo,Raddi,gilo,,,gilo Raddi--gilo,ambiguous,,,,,,,,exact_name,1.00,,,Ambiguous WFO match (2 records).,World Flora Online Plant List,2026-06
accepted,Solanum,Solanaceae,Solanum indicum,L.,,,,indicum L.,ambiguous,,,,,,,,exact_name,1.00,,,Ambiguous WFO match (2 records).,World Flora Online Plant List,2026-06
accepted,Solanum,Solanaceae,Solanum jasmineides,Paxt.,,,,jasmineides Paxt.,unresolved,,,,,,,,,0.00,,,No exact WFO match. Manual review required; no modern name was guessed.,World Flora Online Plant List,2026-06
accepted,Solanum,Solanaceae,Solanum melanocerasum,All.,garden-huckleberry,,,melanocerasum All.--garden-huckleberry,ambiguous,,,,,,,,exact_name,1.00,,,Ambiguous WFO match (3 records).,World Flora Online Plant List,2026-06
accepted,Solanum,Solanaceae,Solanum qui,tóense Lam.,"naranjilla, lulo",,,"qui tóense Lam.--naranjilla, lulo",unresolved,,,,,,,,,0.00,,,No exact WFO match. Manual review required; no modern name was guessed.,World Flora Online Plant List,2026-06
accepted,Solidago,Asteraceae,Solidago graminifolia,(L.) Salisb.,,,,graminifolia (L.) Salisb.,ambiguous,,,,,,,,exact_name,1.00,,,Ambiguous WFO match (2 records).,World Flora Online Plant List,2026-06
accepted,Sorghum,Poaceae,Sorghum X,almum Parodi,"almum sorghum, Columbus grass",,,"X almum Parodi--almum sorghum, Columbus grass",unresolved,,,,,,,,,0.00,,,No exact WFO match. Manual review required; no modern name was guessed.,World Flora Online Plant List,2026-06
accepted,Sorghum,Poaceae,"Sorghum broomcom,","durra, ka££ir-com, guinea-corn, shattercane",,,,"broomcom, durra, ka££ir-com, guinea-corn, shattercane",unresolved,,,,,,,,,0.00,,,No exact WFO match. Manual review required; no modern name was guessed.,World Flora Online Plant List,2026-06
synonym,Sorghum,continued,Sorghum nervosum,"Bess, ex Schult.",,Sorghum bicolor,,"(nervosum Bess, ex Schult.) = S. bicolor",ambiguous,,,,,,,,exact_name,1.00,,,Ambiguous WFO match (2 records).,World Flora Online Plant List,2026-06
accepted,Spartina,Poaceae,Spartina altemiflora,Loisel.,"smooth cordgrass, salt-marsh c.",,,"altemiflora Loisel.--smooth cordgrass, salt-marsh c.",unresolved,,,,,,,,,0.00,,,No exact WFO match. Manual review required; no modern name was guessed.,World Flora Online Plant List,2026-06
accepted,Spilanthes,Asteraceae,Spilanthes acmella,(L.) Mirr.,Para cress,,,acmella (L.) Mirr.--Para cress,ambiguous,,,,,,,,exact_name,1.00,,,Ambiguous WFO match (5 records).,World Flora Online Plant List,2026-06
synonym,Spondias,Anacardiaceae,Spondias cytherea,Sonn.,,Spondias dulcis,,(cytherea Sonn.) = S. dulcis,ambiguous,,,,,,,,exact_name,1.00,,,Ambiguous WFO match (2 records).,World Flora Online Plant List,2026-06
accepted,Stipa,Poaceae,Stipa avenacea,L.,"blackseed needlegrass, black oatgrass",,,"avenacea L.--blackseed needlegrass, black oatgrass",ambiguous,,,,,,,,exact_name,1.00,,,Ambiguous WFO match (3 records).,World Flora Online Plant List,2026-06
accepted,Stipa,continued,Stipa tenacissima,L.,esparto,,,tenacissima L.--esparto,ambiguous,,,,,,,,exact_name,1.00,,,Ambiguous WFO match (2 records).,World Flora Online Plant List,2026-06
accepted,Stipa,continued,Stipa X,Stiporyzopsis (Poaceae),,,,X Stiporyzopsis (Poaceae),unresolved,,,,,,,,,0.00,,,No exact WFO match. Manual review required; no modern name was guessed.,World Flora Online Plant List,2026-06
accepted,Striga,Scrophulariaceae,Striga hermontheca,(Del.) Benth.,,,,hermontheca (Del.) Benth.,unresolved,,,,,,,,,0.00,,,No exact WFO match. Manual review required; no modern name was guessed.,World Flora Online Plant List,2026-06
synonym,Stylosanthes,Fabaceae,Stylosanthes guineensis,Schumach.,,Stylosanthes erecta,,(guineensis Schumach.) = S. erecta,ambiguous,,,,,,,,exact_name,1.00,,,Ambiguous WFO match (2 records).,World Flora Online Plant List,2026-06
accepted,Synqphytum,Boraginaceae,Synqphytum asperum,Lepech.,prickly comfrey,,,asperum Lepech.--prickly comfrey,unresolved,,,,,,,,,0.00,,,No exact WFO match. Manual review required; no modern name was guessed.,World Flora Online Plant List,2026-06
accepted,Synqphytum,Boraginaceae,Synqphytum officinale,L.,common comfrey,,,officinale L.--common comfrey,unresolved,,,,,,,,,0.00,,,No exact WFO match. Manual review required; no modern name was guessed.,World Flora Online Plant List,2026-06
synonym,Synqphytum,Boraginaceae,Synqphytum peregrinum,Ledeb.,,Synqphytum X uplandicum,,(peregrinum Ledeb.) = S. X uplandicum,unresolved,,,,,,,,,0.00,,,No exact WFO match. Manual review required; no modern name was guessed.,World Flora Online Plant List,2026-06
accepted,Synqphytum,Boraginaceae,Synqphytum X,uplandicum Nym.,"Quaker comfrey, Russian c., blue c.",,,"X uplandicum Nym.--Quaker comfrey, Russian c., blue c.",unresolved,,,,,,,,,0.00,,,No exact WFO match. Manual review required; no modern name was guessed.,World Flora Online Plant List,2026-06
accepted,Syzygium,Myrtaceae,Syzygium javanicum,Miq.,,,,javanicum Miq.,ambiguous,,,,,,,,exact_name,1.00,,,Ambiguous WFO match (2 records).,World Flora Online Plant List,2026-06
synonym,Tacsonia,Passifloraceae,Tacsonia mollissima,H.B.K.,,Passiflora mollissiina,,(mollissima H.B.K.) = Passiflora mollissiina,ambiguous,,,,,,,,exact_name,1.00,,,Ambiguous WFO match (2 records).,World Flora Online Plant List,2026-06
accepted,Taeniatherum,Poaceae,Taeniatherum in,part),medusa-head,,,in part)--medusa-head,unresolved,,,,,,,,,0.00,,,No exact WFO match. Manual review required; no modern name was guessed.,World Flora Online Plant List,2026-06
accepted,Tanacetum,Asteraceae,Tanacetum vxilgare,L.,tansy,,,vxilgare L.--tansy,unresolved,,,,,,,,,0.00,,,No exact WFO match. Manual review required; no modern name was guessed.,World Flora Online Plant List,2026-06
synonym,Taraxacum,Asteraceae,Taraxacum vulgäre,(Lam.) Schrank,,Taraxacum officinale,,(vulgäre (Lam.) Schrank) = T. officinale,ambiguous,,,,,,,,exact_name,1.00,,,Ambiguous WFO match (2 records).,World Flora Online Plant List,2026-06
accepted,Telosma,Asclepiadaceae,Telosma africanum,(N. E. Br.) Colville,,,,africanum (N. E. Br.) Colville,unresolved,,,,,,,,,0.00,,,No exact WFO match. Manual review required; no modern name was guessed.,World Flora Online Plant List,2026-06
accepted,Tetragonia,Aizoaceae,Tetragonia tetragonioides,(Pall.) Ktze.,New Zealand-spinach--[TN],,TN,tetragonioides (Pall.) Ktze.--New Zealand-spinach--[TN],unresolved,,,,,,,,,0.00,,,No exact WFO match. Manual review required; no modern name was guessed.,World Flora Online Plant List,2026-06
accepted,Tetrapanax,Araliaceae,Tetrapanax papyri£er,(Itook.) K. Koch,rice-paper-plant,,,papyri£er (Itook.) K. Koch--rice-paper-plant,unresolved,,,,,,,,,0.00,,,No exact WFO match. Manual review required; no modern name was guessed.,World Flora Online Plant List,2026-06
accepted,Thymus,Lamiaceae,Thymus capitatus,(L.) Hoffmgg. § Link,,,,capitatus (L.) Hoffmgg. § Link,ambiguous,,,,,,,,exact_name,1.00,,,Ambiguous WFO match (2 records).,World Flora Online Plant List,2026-06
accepted,Thymus,Lamiaceae,Thymus vulgar,is L.,coninon thyme,,,vulgar is L.--coninon thyme,unresolved,,,,,,,,,0.00,,,No exact WFO match. Manual review required; no modern name was guessed.,World Flora Online Plant List,2026-06
accepted,Tilia,Tiliaceae,Tilia X,europaea L.,(T. cordata X T. platyphyllos)--European linden,,,X europaea L.--(T. cordata X T. platyphyllos)--European linden,unresolved,,,,,,,,,0.00,,,No exact WFO match. Manual review required; no modern name was guessed.,World Flora Online Plant List,2026-06
synonym,Tithonia,Asteraceae,Tithonia speciosa,Hook.,,Tithonia rotundifolia,,(speciosa Hook.) = T. rotundifolia,ambiguous,,,,,,,,exact_name,1.00,,,Ambiguous WFO match (3 records).,World Flora Online Plant List,2026-06
accepted,Toxicodendron,Anacardiaceae,Toxicodendron poison-oak,,,,,poison-oak,unresolved,,,,,,,,,0.00,,,No exact WFO match. Manual review required; no modern name was guessed.,World Flora Online Plant List,2026-06
accepted,Toxicodendron,Anacardiaceae,Toxicodendron vemicifluum,(Stokes) Barkl.,"Chinese lacquer, urushi",,,"vemicifluum (Stokes) Barkl.--Chinese lacquer, urushi",unresolved,,,,,,,,,0.00,,,No exact WFO match. Manual review required; no modern name was guessed.,World Flora Online Plant List,2026-06
accepted,Toxicodendron,Anacardiaceae,Toxicodendron vemix,(L.) Ktze.,poison sumac,,,vemix (L.) Ktze.--poison sumac,unresolved,,,,,,,,,0.00,,,No exact WFO match. Manual review required; no modern name was guessed.,World Flora Online Plant List,2026-06
accepted,Trachylobium,Fabaceae,Trachylobium verrucosum,(Gaertn.) Oliv.,Zanzibar copal,,,verrucosum (Gaertn.) Oliv.--Zanzibar copal,ambiguous,,,,,,,,exact_name,1.00,,,Ambiguous WFO match (2 records).,World Flora Online Plant List,2026-06
accepted,Trachyspermum,Apiaceae,Trachyspermum airnii,(L.) Sprague ex Turrill,,,,airnii (L.) Sprague ex Turrill,unresolved,,,,,,,,,0.00,,,No exact WFO match. Manual review required; no modern name was guessed.,World Flora Online Plant List,2026-06
accepted,Trapa,Trapaceae,Trapa bicomis,Osb.,horn-nut,,,bicomis Osb.--horn-nut,unresolved,,,,,,,,,0.00,,,No exact WFO match. Manual review required; no modern name was guessed.,World Flora Online Plant List,2026-06
accepted,Trifolium,Fabaceae,Trifolium incamatum,L.,crimson clover,,,incamatum L.--crimson clover,unresolved,,,,,,,,,0.00,,,No exact WFO match. Manual review required; no modern name was guessed.,World Flora Online Plant List,2026-06
synonym,Trifolium,Fabaceae,Trifolium procumbens,"L., nom. ambig.",,Trifolium campestre (in part),,"(procumbens L., nom. ambig.) = T. campestre (in part)",ambiguous,,,,,,,,exact_name,1.00,,,Ambiguous WFO match (2 records).,World Flora Online Plant List,2026-06
accepted,Trifolium,Fabaceae,Trifolium vesiculosum,Savi,arrowlea£ clover,,,vesiculosum Savi--arrowlea£ clover,ambiguous,,,,,,,,genus_species_exact,0.97,,,Ambiguous WFO match (11 records).,World Flora Online Plant List,2026-06
accepted,Tripogandra,Commelinaceae,Tripogandra elongata,(G. F. W. Mey.) Woodson,,,,elongata (G. F. W. Mey.) Woodson,ambiguous,,,,,,,,exact_name,1.00,,,Ambiguous WFO match (2 records).,World Flora Online Plant List,2026-06
accepted,Tripsacum,Poaceae,Tripsacum fasciculatum,"Trin. ex Aschers,",,,,"fasciculatum Trin. ex Aschers,",ambiguous,,,,,,,,exact_name,1.00,,,Ambiguous WFO match (2 records).,World Flora Online Plant List,2026-06
accepted,Trisetum,Poaceae,Trisetum X,Triticosecale (Poaceae),(Triticum X Sécale)--triticale--[TN],,TN,X Triticosecale (Poaceae)--(Triticum X Sécale)--triticale--[TN],unresolved,,,,,,,,,0.00,,,No exact WFO match. Manual review required; no modern name was guessed.,World Flora Online Plant List,2026-06
accepted,Triticum,Poaceae,Triticum aestivuufn,L.,"coniiion wheat, bread w,",,,"aestivuufn L.--coniiion wheat, bread w,",unresolved,,,,,,,,,0.00,,,No exact WFO match. Manual review required; no modern name was guessed.,World Flora Online Plant List,2026-06
accepted,Triticum,Poaceae,Triticum dicoccon,Schrank,emmer,,,dicoccon Schrank--emmer,ambiguous,,,,,,,,genus_species_exact,0.97,,,Ambiguous WFO match (39 records).,World Flora Online Plant List,2026-06
synonym,Triticum,Poaceae,Triticum dicoccum,Schrank,,Triticum dicoccon,,(dicoccum Schrank) = T. dicoccon,ambiguous,,,,,,,,exact_name,1.00,,,Ambiguous WFO match (2 records).,World Flora Online Plant List,2026-06
synonym,Triticum,Poaceae,Triticum dicoccum,Schuebl.,,Triticum dicoccon,,(dicoccum Schuebl.) = T. dicoccon,ambiguous,,,,,,,,exact_name,1.00,,,Ambiguous WFO match (2 records).,World Flora Online Plant List,2026-06
synonym,Triticum,Poaceae,Triticum orientale,Perc.,,Triticum turanicum,,(orientale Perc.) = T. turanicum,ambiguous,,,,,,,,exact_name,1.00,,,Ambiguous WFO match (3 records).,World Flora Online Plant List,2026-06
accepted,Tulipa,Liliaceae,Tulipa gesnerana,L.,common tulip,,,gesnerana L.--common tulip,unresolved,,,,,,,,,0.00,,,No exact WFO match. Manual review required; no modern name was guessed.,World Flora Online Plant List,2026-06
synonym,Tumera,Tumeraceae,Tumera aphrodisiaca,L. F. Ward,,Tumera diffusa,,(aphrodisiaca L. F. Ward) = T. diffusa,unresolved,,,,,,,,,0.00,,,No exact WFO match. Manual review required; no modern name was guessed.,World Flora Online Plant List,2026-06
accepted,Tumera,Tumeraceae,Tumera diffusa,Willd.,damiana,,,diffusa Willd.--damiana,unresolved,,,,,,,,,0.00,,,No exact WFO match. Manual review required; no modern name was guessed.,World Flora Online Plant List,2026-06
synonym,Tumera,Tumeraceae,Tumera microphylla,Desv.,,Tumera diffusa,,(microphylla Desv.) = T. diffusa,unresolved,,,,,,,,,0.00,,,No exact WFO match. Manual review required; no modern name was guessed.,World Flora Online Plant List,2026-06
accepted,Tumera,continued,Tumera ulmifolia,L.,,,,ulmifolia L.,unresolved,,,,,,,,,0.00,,,No exact WFO match. Manual review required; no modern name was guessed.,World Flora Online Plant List,2026-06
accepted,Ulmus,Ulmaceae,Ulmus procera,Salisb.,English elm,,,procera Salisb.--English elm,ambiguous,,,,,,,,exact_name,1.00,,,Ambiguous WFO match (2 records).,World Flora Online Plant List,2026-06
synonym,Ulmus,Ulmaceae,Ulmus racemosa,Thomas,,Ulmus thomasii,,(racemosa Thomas) = U. thomasii,ambiguous,,,,,,,,exact_name,1.00,,,Ambiguous WFO match (2 records).,World Flora Online Plant List,2026-06
accepted,Ihnbellularia,Lauraceae,Ihnbellularia califomica,(Hook. § Am.) Nutt.,California laurel,,,califomica (Hook. § Am.) Nutt.--California laurel,unresolved,,,,,,,,,0.00,,,No exact WFO match. Manual review required; no modern name was guessed.,World Flora Online Plant List,2026-06
accepted,Utricularia,Lentibulariaceae,Utricularia vulgar,is L.,coninon bladderwort,,,vulgar is L.--coninon bladderwort,unresolved,,,,,,,,,0.00,,,No exact WFO match. Manual review required; no modern name was guessed.,World Flora Online Plant List,2026-06
accepted,Vaccinium,Ericaceae,Vaccinium vacillants,Torr.,"low blueberry, early sweet b.",,,"vacillants Torr.--low blueberry, early sweet b.",unresolved,,,,,,,,,0.00,,,No exact WFO match. Manual review required; no modern name was guessed.,World Flora Online Plant List,2026-06
synonym,Valerianella,Valerianaceae,Valerianella locusta,(L.) Betcke,,Valerianella locusta (L.) Laterrade,,(locusta (L.) Betcke) = V. locusta (L.) Laterrade,ambiguous,,,,,,,,exact_name,1.00,,,Ambiguous WFO match (2 records).,World Flora Online Plant List,2026-06
accepted,Valerianella,Valerianaceae,Valerianella locusta,(L.) Laterrade,"comsalad, lamb's-lettuce, European c.--[TN]",,TN,"locusta (L.) Laterrade--comsalad, lamb's-lettuce, European c.--[TN]",ambiguous,,,,,,,,exact_name,1.00,,,Ambiguous WFO match (2 records).,World Flora Online Plant List,2026-06
accepted,Vateria,Dipterocarpaceae,Vateria indica,L.,white dammar,,,indica L.--white dammar,ambiguous,,,,,,,,exact_name,1.00,,,Ambiguous WFO match (2 records).,World Flora Online Plant List,2026-06
accepted,Vemonia,Asteraceae,Vemonia altissima,Nutt.,tall ironweed,,,altissima Nutt.--tall ironweed,unresolved,,,,,,,,,0.00,,,No exact WFO match. Manual review required; no modern name was guessed.,World Flora Online Plant List,2026-06
accepted,Vemonia,Asteraceae,Vemonia anthelmintica,(L.) Willd.,,,,anthelmintica (L.) Willd.,unresolved,,,,,,,,,0.00,,,No exact WFO match. Manual review required; no modern name was guessed.,World Flora Online Plant List,2026-06
accepted,Vemonia,Asteraceae,Vemonia baldwinii,Torr.,western ironweed,,,baldwinii Torr.--western ironweed,unresolved,,,,,,,,,0.00,,,No exact WFO match. Manual review required; no modern name was guessed.,World Flora Online Plant List,2026-06
accepted,Vetiveria,Poaceae,Vetiveria zizanioides,(L.) Nash ex Small,vétiver,,,zizanioides (L.) Nash ex Small--vétiver,ambiguous,,,,,,,,exact_name,1.00,,,Ambiguous WFO match (2 records).,World Flora Online Plant List,2026-06
synonym,Vicia,Fabaceae,Vicia angustifolia,L.,,Vicia sativa subsp. nigra,,(angustifolia L.) = V. sativa subsp. nigra,ambiguous,,,,,,,,exact_name,1.00,,,Ambiguous WFO match (5 records).,World Flora Online Plant List,2026-06
synonym,Vigna,Fabaceae,Vigna catjang,(Burm. £.) Walp.,,Vigna unguiculata subsp. cylindrica,,(catjang (Burm. £.) Walp.) = V. unguiculata subsp. cylindrica,ambiguous,,,,,,,,exact_name,1.00,,,Ambiguous WFO match (2 records).,World Flora Online Plant List,2026-06
synonym,Vigna,Fabaceae,Vigna omata,Welw. ex Baker,,Sphenostylis stenocarpa,,(omata Welw. ex Baker) = Sphenostylis stenocarpa,unresolved,,,,,,,,,0.00,,,No exact WFO match. Manual review required; no modern name was guessed.,World Flora Online Plant List,2026-06
synonym,Vigna,Fabaceae,Vigna sesquipedalis,(L.) Fruw.,,Vigna unguiculata subsp. sesquipedalis,,(sesquipedalis (L.) Fruw.) = V. unguiculata subsp. sesquipedalis,ambiguous,,,,,,,,exact_name,1.00,,,Ambiguous WFO match (2 records).,World Flora Online Plant List,2026-06
synonym,Vigna,Fabaceae,Vigna sinensis,(L.) Savi ex Hassk.,,Vigna unguiculata subsp. unguiculata,,(sinensis (L.) Savi ex Hassk.) = V. unguiculata subsp. unguiculata,ambiguous,,,,,,,,exact_name,1.00,,,Ambiguous WFO match (2 records).,World Flora Online Plant List,2026-06
accepted,Vigna,Fabaceae,Vigna subsp.,sesquipedalis,,,,subsp. sesquipedalis,unresolved,,,,,,,,,0.00,,,No exact WFO match. Manual review required; no modern name was guessed.,World Flora Online Plant List,2026-06
accepted,Vigna,Fabaceae,Vigna asparagus,b.,,,,asparagus b.,unresolved,,,,,,,,,0.00,,,No exact WFO match. Manual review required; no modern name was guessed.,World Flora Online Plant List,2026-06
accepted,Vigna,Fabaceae,Vigna black-eyed,"p., crowder p.",,,,"black-eyed p., crowder p.",unresolved,,,,,,,,,0.00,,,No exact WFO match. Manual review required; no modern name was guessed.,World Flora Online Plant List,2026-06
accepted,Voandzeia,Fabaceae,Voandzeia subterránea,(L.) Thou.,bainbarra groundnut,,,subterránea (L.) Thou.--bainbarra groundnut,ambiguous,,,,,,,,exact_name,1.00,,,Ambiguous WFO match (2 records).,World Flora Online Plant List,2026-06
accepted,Warczewiczia,Rubiaceae,Warczewiczia coccínea,(Vahl) Kl.,chaconier,,,coccínea (Vahl) Kl.--chaconier,unresolved,,,,,,,,,0.00,,,No exact WFO match. Manual review required; no modern name was guessed.,World Flora Online Plant List,2026-06
accepted,Withania,Solanaceae,Withania SOTmifera,(L.) Dunal,,,,SOTmifera (L.) Dunal,unresolved,,,,,,,,,0.00,,,No exact WFO match. Manual review required; no modern name was guessed.,World Flora Online Plant List,2026-06
accepted,Wolffia,Lemnaceae,Wolffia coluiribiana,Karst.,watermeal,,,coluiribiana Karst.--watermeal,unresolved,,,,,,,,,0.00,,,No exact WFO match. Manual review required; no modern name was guessed.,World Flora Online Plant List,2026-06
accepted,Xanthium,Asteraceae,Xanthium strumarium,L.,common cocklebur,,,strumarium L.--common cocklebur,ambiguous,,,,,,,,exact_name,1.00,,,Ambiguous WFO match (3 records).,World Flora Online Plant List,2026-06
accepted,Zea,Poaceae,Zea subsp.,mays,,,,subsp. mays,unresolved,,,,,,,,,0.00,,,No exact WFO match. Manual review required; no modern name was guessed.,World Flora Online Plant List,2026-06
accepted,Zea,Poaceae,Zea subsp.,mays,,,,subsp. mays,unresolved,,,,,,,,,0.00,,,No exact WFO match. Manual review required; no modern name was guessed.,World Flora Online Plant List,2026-06
accepted,Zea,Poaceae,Zea subsp.,mays,,,,subsp. mays,unresolved,,,,,,,,,0.00,,,No exact WFO match. Manual review required; no modern name was guessed.,World Flora Online Plant List,2026-06
accepted,Zea,Poaceae,Zea subsp.,mays,,,,subsp. mays,unresolved,,,,,,,,,0.00,,,No exact WFO match. Manual review required; no modern name was guessed.,World Flora Online Plant List,2026-06
accepted,Zinnia,Asteraceae,Zinnia elegans,Jacq.,zinnia,,,elegans Jacq.--zinnia,ambiguous,,,,,,,,exact_name,1.00,,,Ambiguous WFO match (3 records).,World Flora Online Plant List,2026-06
